label_text,label,comment_num,repost_num,like_num,CntWord,WordPerSentence,TitleLen,TitleCnt_Exclaimation,TitleCnt_Question,TextCnt_Exclaimation,TextCnt_Question
real,0,396,601,3955,169,42.3,23,1,0,0,0
real,0,765,345,4949,441,44.1,26,0,0,0,0
real,0,670,606,3510,108,108.0,21,0,0,0,0
real,0,2471,10110,23223,123,61.5,14,0,0,2,0
real,0,354,255,1980,180,90.0,17,0,0,0,0
real,0,1954,705,27852,276,69.0,38,0,0,0,0
real,0,159,286,1301,170,34.0,12,0,0,0,0
real,0,257,119,1103,299,99.7,14,0,0,0,0
real,0,1663,1997,30705,251,62.8,35,0,0,0,0
real,0,1107,414,5782,367,52.4,18,0,0,0,0
real,0,304,174,1304,445,40.5,14,0,0,0,0
real,0,1232,409,17425,291,41.6,32,0,0,0,0
real,0,790,384,3076,168,84.0,15,0,0,0,0
real,0,3780,17815,34199,135,45.0,15,0,0,1,0
real,0,1103,501,17777,165,82.5,24,0,0,0,0
real,0,1028,504,7509,143,35.8,17,0,0,0,0
real,0,461,248,2224,161,80.5,16,0,0,0,0
real,0,1192,423,15923,213,53.3,15,0,0,0,0
real,0,466,589,2252,348,116.0,13,0,0,0,0
real,0,921,392,9500,160,53.3,18,0,0,0,0
real,0,225,153,1780,236,59.0,27,0,0,0,0
real,0,1519,542,27235,588,84.0,24,0,0,0,0
real,0,1276,665,13677,180,45.0,21,0,0,0,0
real,0,2437,1637,18529,284,56.8,32,0,0,0,0
real,0,350,186,2780,148,74.0,33,0,0,0,0
real,0,781,3480,12035,161,40.3,17,1,0,1,0
real,0,637,484,3926,154,38.5,19,0,0,1,0
real,0,525,442,2462,127,63.5,19,0,0,0,0
real,0,2373,2433,54945,312,52.0,17,0,0,0,0
real,0,299,233,2381,113,56.5,19,0,0,0,0
real,0,5891,1469,84131,585,73.1,20,0,0,1,1
real,0,7321,7371,263778,277,55.4,34,0,0,0,0
real,0,1497,188,11831,165,82.5,15,0,0,0,0
real,0,270,247,1888,206,68.7,18,0,0,0,0
real,0,1563,224,8933,135,33.8,18,0,0,1,2
real,0,445,880,3183,109,54.5,20,0,0,1,0
real,0,395,611,2927,202,101.0,27,0,0,0,0
real,0,1533,1572,47254,200,66.7,21,0,0,0,0
real,0,479,325,3548,140,35.0,19,1,0,0,0
real,0,359,289,1299,644,92.0,27,0,0,0,0
real,0,3505,1251,8763,135,33.8,12,0,0,2,1
real,0,1416,1269,33789,154,77.0,33,0,0,0,0
real,0,991,2745,8899,145,29.0,20,1,0,2,0
real,0,17868,1089801,213728,104,34.7,20,1,0,0,0
real,0,2115,924,14598,1602,43.3,32,0,0,0,0
real,0,1195,640,4716,116,58.0,26,0,0,0,0
real,0,1028,1021,6237,138,27.6,18,1,0,1,0
real,0,908,1537,5655,144,28.8,7,0,0,1,0
real,0,3494,3223,80494,190,38.0,25,0,0,0,1
real,0,1266,5101,13986,160,32.0,16,0,0,1,0
real,0,698,296,3933,150,50.0,21,0,0,0,0
real,0,176,697,944,91,30.3,25,1,0,1,0
real,0,773,804,5226,193,38.6,16,0,0,0,0
real,0,333,118,1612,122,61.0,26,0,0,0,0
real,0,622,542,2795,86,43.0,19,0,0,1,0
real,0,987,557,15812,473,47.3,18,0,0,0,0
real,0,228,202,2145,98,49.0,11,0,0,1,0
real,0,969,768,10197,86,43.0,17,0,0,0,0
real,0,431,384,3321,198,33.0,31,0,0,1,0
real,0,245,306,1910,145,72.5,22,0,0,0,0
real,0,472,323,2345,205,41.0,12,0,0,0,0
real,0,464,362,3059,316,79.0,21,0,0,0,0
real,0,226,385,2299,140,70.0,16,0,0,0,0
real,0,4964,3699,57112,105,52.5,18,1,0,0,0
real,0,627,349,3771,142,47.3,15,0,0,0,0
real,0,185,129,3020,99,24.8,18,1,0,1,0
real,0,447,490,3123,566,62.9,28,0,0,0,0
real,0,942,852,3680,219,43.8,28,0,0,0,0
real,0,1075,910,10196,245,49.0,20,0,0,0,0
real,0,1878,2087,17332,146,36.5,27,0,1,0,1
real,0,423,429,2342,113,56.5,17,0,0,0,0
real,0,1114,723,15661,141,70.5,16,0,0,0,0
real,0,881,820,10431,150,50.0,18,0,0,0,0
real,0,304,283,3362,89,29.7,16,0,0,1,0
real,0,1178,1188,10086,285,40.7,21,0,0,0,1
real,0,421,1846,3919,149,74.5,27,0,0,0,0
real,0,8744,9651,227823,156,52.0,26,1,0,0,0
real,0,1347,631,21747,254,63.5,25,0,0,0,0
real,0,1509,485,19582,270,45.0,13,0,0,0,0
real,0,1035,734,15501,167,167.0,16,0,0,0,0
real,0,854,258,6539,864,66.5,36,0,0,0,0
real,0,223,252,1913,331,27.6,22,0,0,1,2
real,0,704,792,6857,173,28.8,17,1,0,0,0
real,0,1284,1458,19547,182,30.3,27,1,0,0,0
real,0,3148,1006,47049,217,43.4,26,0,0,0,1
real,0,2100,1160,15657,243,121.5,20,0,0,0,0
real,0,1976,734,14119,696,69.6,38,0,0,0,0
real,0,574,573,3024,150,37.5,16,0,0,0,0
real,0,514,464,2614,142,71.0,26,0,0,0,0
real,0,9893,8970,138221,184,36.8,11,1,0,0,0
real,0,823,526,4737,314,62.8,15,0,0,0,0
real,0,684,233,3657,445,63.6,24,0,0,0,0
real,0,310,364,2294,161,80.5,22,0,0,0,0
real,0,490,570,5587,147,36.8,20,1,0,0,0
real,0,1251,509,19060,158,52.7,19,0,0,0,0
real,0,4750,1777,67076,151,75.5,17,0,0,0,0
real,0,636,570,9857,136,68.0,24,0,0,0,0
real,0,2002,686,7840,572,71.5,29,0,0,0,0
real,0,3072,6702,23324,152,50.7,12,0,0,2,0
real,0,6040,43493,91515,76,19.0,24,1,1,1,0
real,0,2115,1456,25731,98,19.6,15,1,0,1,0
real,0,1371,615,9996,100,50.0,14,0,0,0,0
real,0,896,443,6555,184,36.8,14,0,0,0,0
real,0,241,945,1085,565,62.8,15,0,0,0,0
real,0,969,981,11314,86,86.0,22,0,0,0,0
real,0,159,141,1448,107,107.0,16,0,0,0,0
real,0,8489,3850,280571,309,77.3,15,0,0,0,0
real,0,1850,587,14172,488,34.9,16,0,0,0,0
real,0,2730,1050,75868,280,70.0,17,0,0,0,0
real,0,513,944,5487,155,155.0,61,0,0,0,0
real,0,590,498,3098,327,65.4,16,1,0,0,0
real,0,1718,485,13337,203,67.7,34,0,0,0,0
real,0,523,197,2131,240,120.0,20,0,0,0,0
real,0,708,2601,6169,332,83.0,12,0,0,0,0
real,0,1186,2858,14778,146,29.2,12,0,0,0,0
real,0,1510,1175,19149,332,41.5,18,0,0,0,0
real,0,4810,49351,26161,683,68.3,38,0,0,0,0
real,0,1391,448,9611,531,106.2,25,0,0,0,0
real,0,971,670,4065,106,106.0,21,0,0,0,0
real,0,1053,2121,9376,111,18.5,25,1,0,3,0
real,0,5540,6109,139237,146,73.0,38,0,0,0,0
real,0,2917,1474,28574,196,39.2,28,0,0,0,0
real,0,1582,3864,10437,138,46.0,23,0,0,1,0
real,0,7593,3516,176119,236,39.3,20,0,0,0,1
real,0,1048,1368,6488,60,12.0,16,1,0,1,3
real,0,113,114,701,118,59.0,25,0,0,1,0
real,0,636,495,5506,119,59.5,19,1,0,0,0
real,0,539,402,2714,334,66.8,33,0,0,0,0
real,0,744,572,5693,185,92.5,24,0,0,0,0
real,0,3912,1446,79226,185,185.0,19,0,0,0,0
real,0,933,1413,11773,142,71.0,19,0,0,0,0
real,0,2807,1614,44544,144,48.0,16,0,0,1,0
real,0,1261,3382,17286,152,30.4,25,1,0,0,0
real,0,454,483,2851,256,51.2,21,0,0,0,0
real,0,4391,9595,37685,499,62.4,64,0,0,2,0
real,0,617,460,2759,248,62.0,35,0,0,0,0
real,0,1940,4080,17312,141,35.3,25,0,0,0,0
real,0,2127,4035,21396,147,24.5,7,0,0,1,0
real,0,1258,749,11235,170,42.5,26,1,0,1,0
real,0,362,379,1977,142,35.5,16,1,0,2,0
real,0,4834,2497,18134,141,70.5,24,1,0,0,0
real,0,684,203,4303,166,83.0,25,0,0,0,0
real,0,441,297,3883,142,71.0,17,0,0,0,0
real,0,2549,1500,26864,150,75.0,20,0,0,0,0
real,0,502,781,3109,126,42.0,18,1,0,0,0
real,0,2875,824,29439,174,174.0,23,0,0,0,0
real,0,3669,2271,59828,161,80.5,36,0,0,0,0
real,0,1219,2325,7825,141,23.5,7,0,0,1,0
real,0,1456,555,14449,319,45.6,29,0,0,0,0
real,0,9415,2868,104749,272,34.0,19,1,0,0,0
real,0,414,433,3443,302,75.5,14,0,0,0,0
real,0,8129,2492,123892,184,46.0,17,0,0,0,0
real,0,1117,1364,9443,157,52.3,7,0,0,1,0
real,0,1129,2701,7792,225,45.0,19,1,0,1,0
real,0,222,277,2418,137,137.0,19,0,0,0,0
real,0,12495,4289,297674,471,33.6,17,0,0,0,0
real,0,193,222,1539,95,47.5,18,0,0,0,0
real,0,1523,578,13023,156,52.0,34,0,0,0,0
real,0,749,742,9970,134,33.5,18,1,0,0,0
real,0,1198,433,17811,115,57.5,20,0,0,1,0
real,0,2110,971,16239,180,60.0,26,0,0,0,0
real,0,5412,14460,118760,111,27.8,17,1,0,1,1
real,0,230,150,1593,128,64.0,19,0,0,1,0
real,0,1894,2000,16054,99,33.0,6,0,0,1,0
real,0,1593,4524,11191,137,45.7,15,1,0,1,0
real,0,1164,1484,10112,185,30.8,19,0,0,5,0
real,0,215,166,974,134,67.0,19,0,0,0,0
real,0,783,288,3089,3778,34.0,19,0,0,0,0
real,0,362,1367,3208,155,51.7,25,1,0,0,2
real,0,1338,15917,20502,142,47.3,7,0,0,0,0
real,0,809,687,4429,98,24.5,14,0,0,1,0
real,0,3410,4393,92171,134,44.7,22,0,0,0,0
real,0,919,3964,8571,231,115.5,20,0,0,0,0
real,0,1286,1458,9259,1120,46.7,16,0,0,0,0
real,0,5326,887,54275,163,54.3,11,0,0,0,0
real,0,460,278,5745,185,61.7,27,0,0,0,0
real,0,2501,520,15617,2310,55.0,17,0,0,0,0
real,0,298,157,1630,198,49.5,12,0,0,0,0
real,0,242,861,1962,173,173.0,32,0,0,0,0
real,0,703,1137,6268,149,37.3,18,0,0,1,0
real,0,5224,1106,83502,188,62.7,16,0,0,0,0
real,0,723,476,16678,145,29.0,19,1,0,0,0
real,0,529,708,2377,279,39.9,18,0,0,0,0
real,0,3142,1197,48678,211,70.3,32,0,0,0,0
real,0,609,578,2139,955,35.4,36,0,0,0,0
real,0,2202,1730,29575,194,64.7,29,0,0,0,0
real,0,1362,1851,11501,144,24.0,7,0,0,1,0
real,0,394,608,2202,117,14.6,17,1,0,1,4
real,0,384,330,1106,113,113.0,18,0,0,0,0
real,0,11199,17325,223110,530,88.3,21,0,0,0,0
real,0,432,403,2193,154,77.0,17,0,0,0,0
real,0,688,444,3055,203,40.6,18,0,0,0,0
real,0,868,1851,17053,182,91.0,15,0,0,0,0
real,0,535,395,5068,248,82.7,23,0,0,0,0
real,0,3808,1142,24812,115,38.3,18,1,0,1,0
real,0,472,443,2541,231,38.5,20,0,0,0,0
real,0,7279,213676,433658,155,31.0,19,1,0,2,1
real,0,2801,6789,23003,87,29.0,22,1,0,1,0
real,0,4004,1413,29412,120,40.0,28,0,0,0,0
real,0,2150,1799,18721,135,27.0,16,0,0,2,0
real,0,1491,446,9734,224,74.7,16,0,0,0,0
real,0,412,985,3027,140,23.3,14,0,0,0,0
real,0,764,982,3937,145,36.3,7,0,0,0,0
real,0,461,732,4910,220,73.3,17,0,0,0,0
real,0,541,1301,2041,124,24.8,28,1,0,1,1
real,0,1635,548,11289,519,51.9,25,0,0,0,0
real,0,4526,36542,40381,152,38.0,19,0,0,0,0
real,0,2647,1045,40798,323,80.8,22,0,0,0,0
real,0,1043,2853,6038,93,31.0,15,1,0,1,0
real,0,283,118,2043,120,60.0,19,0,0,0,0
real,0,667,1838,4621,124,124.0,11,0,0,1,0
real,0,401,384,2287,138,46.0,14,0,0,0,0
real,0,369,1092,3191,149,29.8,19,1,0,1,2
real,0,643,570,5552,237,59.3,20,0,0,0,0
real,0,431,323,4105,167,83.5,31,0,0,0,0
real,0,477,653,3433,569,63.2,28,0,0,0,0
real,0,1019,3027,6981,117,39.0,18,1,0,0,0
real,0,6547,811,12148,429,143.0,14,0,0,0,0
real,0,746,1481,11941,121,40.3,12,0,0,1,0
real,0,1312,2082,17738,144,28.8,7,0,0,0,0
real,0,649,414,4020,361,51.6,11,0,0,0,0
real,0,1627,4518,18190,124,124.0,7,0,0,0,0
real,0,1537,1232,28660,104,52.0,19,1,0,0,0
real,0,2120,915,15023,536,59.6,35,0,0,0,0
real,0,1149,1258,4979,262,65.5,23,0,0,0,0
real,0,855,1739,9791,159,31.8,15,1,0,1,0
real,0,938,625,7538,238,59.5,17,0,0,0,0
real,0,786,1514,6699,117,39.0,16,0,0,1,1
real,0,212,548,1078,135,67.5,21,0,0,0,0
real,0,590,1347,2962,269,89.7,20,0,0,1,0
real,0,1214,855,7157,229,45.8,26,0,0,0,1
real,0,3972,2970,61420,148,29.6,18,1,0,0,0
real,0,2990,472,52973,77,77.0,16,0,0,0,0
real,0,537,505,5327,153,30.6,28,1,0,0,0
real,0,14803,5600,246382,148,148.0,14,0,0,0,0
real,0,339,323,1998,682,56.8,19,0,0,0,0
real,0,1114,2069,13224,140,35.0,16,1,0,1,0
real,0,1031,653,25849,187,62.3,33,0,0,0,0
real,0,542,341,2739,165,82.5,32,0,0,0,0
real,0,659,616,5399,130,130.0,27,0,0,0,0
real,0,314,254,1799,392,65.3,33,0,0,0,0
real,0,312,168,3084,137,68.5,23,0,0,1,0
real,0,745,674,7530,175,58.3,23,0,0,0,0
real,0,304,314,1494,121,121.0,26,0,0,0,0
real,0,412,636,3488,136,68.0,19,0,0,0,0
real,0,639,1069,9960,121,30.3,20,1,0,0,0
real,0,627,707,7340,250,62.5,15,0,0,0,0
real,0,460,249,2749,129,43.0,14,0,0,0,0
real,0,801,678,13571,154,30.8,36,0,0,2,1
real,0,5078,7416,71007,133,26.6,23,0,1,1,1
real,0,731,447,4224,148,49.3,15,0,0,0,0
real,0,3099,982,29874,182,45.5,19,0,0,1,0
real,0,475,360,4562,545,54.5,19,0,0,0,0
real,0,1962,5852,38702,133,66.5,15,0,0,1,0
real,0,312,799,2116,139,139.0,28,0,0,0,0
real,0,1427,387,9855,188,94.0,17,0,0,0,0
real,0,2144,455,9291,184,92.0,15,0,0,0,0
real,0,808,1455,6499,342,68.4,23,0,0,0,0
real,0,399,312,5042,153,76.5,20,0,0,0,0
real,0,713,1217,4768,139,46.3,15,0,0,1,0
real,0,24669,9443,733824,612,47.1,30,0,0,0,0
real,0,4075,2048,37217,280,70.0,18,0,0,0,0
real,0,513,566,2956,153,30.6,22,1,0,0,0
real,0,1283,2760,11702,144,36.0,25,1,0,1,0
real,0,830,1014,5002,190,63.3,23,0,0,0,0
real,0,1130,293,8302,258,64.5,33,0,0,0,0
real,0,7016,14845,308607,149,37.3,7,0,0,1,0
real,0,3982,1229,32153,193,48.3,18,0,0,0,0
real,0,1724,803,12499,131,32.8,14,0,0,0,0
real,0,2682,838,23794,159,31.8,15,0,0,1,0
real,0,1061,786,10023,159,53.0,19,0,0,0,0
real,0,2714,3119,47993,144,36.0,27,1,0,1,0
real,0,4123,1874,52358,635,39.7,24,1,0,0,0
real,0,458,285,2809,377,47.1,25,0,0,0,0
real,0,3939,514,36542,398,44.2,33,0,0,0,0
real,0,562,264,5507,247,49.4,16,0,0,0,0
real,0,463,266,2958,780,39.0,17,0,0,0,0
real,0,1430,2104,12622,126,25.2,7,0,0,0,0
real,0,1110,1895,9429,70,23.3,9,1,0,2,0
real,0,570,420,7073,171,34.2,17,0,0,1,0
real,0,1246,1776,45523,154,51.3,22,0,0,0,0
real,0,3707,16025,35520,138,23.0,16,1,0,2,0
real,0,3615,2365,42660,607,55.2,22,1,0,0,0
real,0,1133,734,8448,47,23.5,15,0,0,1,0
real,0,1657,3482,12842,164,54.7,15,1,0,1,0
real,0,300,449,1300,131,65.5,18,0,0,1,0
real,0,459,523,5073,193,38.6,31,0,0,0,0
real,0,666,474,5804,90,30.0,17,0,0,1,0
real,0,9807,7699,415067,218,54.5,25,0,0,0,0
real,0,724,466,2653,599,66.6,30,0,0,0,0
real,0,775,412,6016,254,63.5,32,0,0,0,0
real,0,1137,544,10961,421,46.8,34,0,0,0,0
real,0,574,467,1876,89,29.7,16,0,0,1,0
real,0,403,956,3079,434,72.3,21,0,0,0,0
real,0,1061,439,7689,123,123.0,35,0,0,0,0
real,0,1590,388,7676,357,44.6,35,0,0,0,0
real,0,1354,2347,10186,172,86.0,24,0,0,0,0
real,0,805,358,4540,393,65.5,42,0,0,0,0
real,0,3806,712,19983,289,144.5,28,0,0,0,0
real,0,3294,6973,13866,125,125.0,13,0,0,0,0
real,0,1876,3339,26642,106,53.0,12,0,0,1,0
real,0,607,418,4698,162,54.0,32,0,0,0,0
real,0,3002,1475,33677,179,179.0,18,0,0,0,0
real,0,748,159,1992,118,59.0,19,0,0,1,0
real,0,1533,615,15542,152,50.7,28,0,0,0,0
real,0,21170,6913,946155,167,55.7,20,0,0,0,0
real,0,2960,914,66727,142,71.0,14,0,0,0,0
real,0,2510,3532,33796,352,70.4,34,0,0,0,0
real,0,804,349,9357,163,54.3,18,0,0,0,0
real,0,1384,3427,14929,93,23.3,16,1,0,1,0
real,0,308,173,2100,240,120.0,22,0,0,0,0
real,0,236,360,923,729,40.5,16,0,0,0,0
real,0,746,407,13267,187,62.3,30,0,0,0,0
real,0,1317,1919,8568,275,45.8,20,0,0,0,3
real,0,6569,23273,65153,146,29.2,14,0,0,0,0
real,0,1400,3653,23494,132,66.0,20,1,0,0,0
real,0,1052,565,13752,220,110.0,14,0,0,0,0
real,0,1413,826,9782,290,58.0,25,1,0,0,0
real,0,1885,614,46816,1369,44.2,32,0,0,0,0
real,0,2411,700,40815,104,52.0,16,0,0,0,0
real,0,271,312,1813,494,49.4,16,0,0,0,0
real,0,490,362,2752,486,81.0,41,0,0,0,0
real,0,744,286,7853,155,51.7,15,0,0,0,0
real,0,933,1459,9327,144,36.0,25,0,0,2,0
real,0,631,378,3969,183,61.0,14,0,0,0,0
real,0,1682,568,27786,167,83.5,17,0,0,0,0
real,0,8286,1906,84913,145,36.3,18,0,0,1,0
real,0,736,824,21276,77,77.0,19,0,0,0,0
real,0,1873,370,14595,111,55.5,18,0,0,0,0
real,0,430,347,5125,142,71.0,26,0,0,0,0
real,0,1160,272,4699,253,36.1,16,0,0,0,0
real,0,7122,3458,74662,273,39.0,20,0,0,0,0
real,0,375,346,1504,134,67.0,14,0,0,0,0
real,0,673,496,5808,131,65.5,15,0,0,0,0
real,0,7788,1638,162853,314,52.3,31,0,0,0,0
real,0,1045,1636,9714,54,27.0,25,1,0,1,0
real,0,14630,3543,170262,200,66.7,23,0,0,0,0
real,0,1292,1361,28857,64,64.0,18,0,0,0,0
real,0,719,1106,7865,190,63.3,22,0,0,0,0
real,0,9778,9229,224142,517,86.2,28,1,0,0,0
real,0,343,560,2909,137,34.3,12,0,0,0,0
real,0,3677,3650,111388,179,44.8,34,0,0,0,0
real,0,1540,876,17565,238,238.0,30,0,0,0,0
real,0,697,272,2591,375,37.5,18,0,0,0,0
real,0,985,528,5739,154,30.8,22,0,1,0,1
real,0,1418,1324,10256,164,41.0,19,0,0,0,0
real,0,4723,5394,78735,150,37.5,34,1,0,1,0
real,0,657,373,4930,201,67.0,20,0,0,0,0
real,0,586,505,5593,189,94.5,13,0,0,0,0
real,0,1741,818,14021,570,47.5,26,1,0,0,0
real,0,590,692,5436,164,41.0,22,0,0,0,0
real,0,681,494,5082,79,26.3,14,0,0,2,0
real,0,875,750,5639,285,71.3,28,0,0,0,0
real,0,614,342,10895,164,164.0,24,0,0,0,0
real,0,1595,213,4563,94,47.0,20,0,0,0,0
real,0,560,449,3147,198,66.0,32,0,0,0,0
real,0,2053,2098,28120,139,69.5,20,0,0,1,0
real,0,4216,3824,92088,169,42.3,23,1,0,1,0
real,0,371,297,2449,112,112.0,13,0,0,0,0
real,0,572,372,4501,155,51.7,12,0,0,0,0
real,0,2175,382,9210,368,122.7,28,0,0,0,0
real,0,1000,2346,14391,124,62.0,14,0,0,0,0
real,0,553,516,5326,245,122.5,22,0,0,0,0
real,0,257,297,1226,129,129.0,25,0,0,0,0
real,0,7818,945,57954,531,59.0,26,0,0,0,0
real,0,771,772,11079,126,42.0,16,0,0,1,0
real,0,531,742,3825,129,32.3,24,1,0,2,0
real,0,332,187,3038,112,56.0,18,0,0,0,0
real,0,234,250,1744,614,102.3,28,0,0,0,0
real,0,455,316,2566,343,49.0,33,0,0,0,0
real,0,517,280,2296,225,45.0,13,0,0,0,0
real,0,738,2014,8166,127,42.3,19,0,1,0,1
real,0,1398,673,5921,302,60.4,17,0,0,0,0
real,0,423,397,2502,440,55.0,21,0,0,0,0
real,0,1764,1046,24698,240,80.0,26,1,0,0,0
real,0,778,361,5966,327,46.7,28,0,0,0,0
real,0,2455,1360,36683,185,61.7,18,0,0,0,0
real,0,506,485,5562,213,71.0,22,0,0,0,0
real,0,970,2405,10329,136,27.2,22,1,0,1,0
real,0,3628,931,69737,181,90.5,33,0,0,0,0
real,0,582,155,3930,179,59.7,32,0,0,0,0
real,0,1794,4464,15914,151,50.3,20,0,0,1,0
real,0,1623,2410,17636,52,26.0,25,1,0,1,0
real,0,1193,947,5364,316,45.1,21,0,0,0,0
real,0,7251,1265,58864,261,130.5,32,0,0,0,0
real,0,16648,4293,391589,205,205.0,30,0,0,0,0
real,0,3764,2123,79158,196,65.3,21,0,0,0,0
real,0,16209,8632,516465,135,135.0,31,0,0,0,0
real,0,3704,1227,33726,186,37.2,26,1,0,0,0
real,0,348,840,3772,368,61.3,24,1,0,0,0
real,0,1376,357,5138,247,123.5,31,0,0,0,0
real,0,677,281,3631,324,46.3,35,0,0,0,0
real,0,128,149,1232,129,43.0,19,0,0,1,0
real,0,359,494,10527,111,55.5,18,0,0,0,0
real,0,210,264,1401,170,85.0,22,0,0,0,0
real,0,1744,636,9867,155,77.5,22,0,0,0,0
real,0,2618,835,38478,155,51.7,18,0,0,0,0
real,0,1385,1198,17593,151,151.0,23,0,0,0,0
real,0,1448,1555,28791,159,39.8,21,1,0,1,0
real,0,963,760,7536,136,34.0,20,1,0,1,0
real,0,123,154,1332,107,53.5,21,0,0,1,0
real,0,354,147,2803,101,25.3,18,1,0,1,0
real,0,8488,24843,238739,178,59.3,31,0,0,0,0
real,0,93,130,1841,133,66.5,19,0,0,1,0
real,0,407,517,2543,135,135.0,23,0,0,0,0
real,0,3105,2573,33590,191,63.7,28,1,0,0,0
real,0,11970,4740,113372,79,79.0,13,0,0,1,0
real,0,1270,3124,15174,146,36.5,24,0,0,1,0
real,0,817,596,9851,138,34.5,25,2,0,1,0
real,0,14270,11768,453621,166,41.5,20,0,0,0,0
real,0,781,434,3721,249,62.3,20,0,0,0,0
real,0,318,586,3188,128,64.0,18,0,0,0,0
real,0,841,818,4413,167,167.0,17,0,0,0,0
real,0,2534,1176,23398,149,49.7,26,1,0,0,0
real,0,475,349,1748,249,49.8,17,0,0,0,0
real,0,2657,803,16264,107,35.7,18,1,0,1,0
real,0,504,389,2761,378,47.3,16,0,0,1,0
real,0,6464,1913,87214,246,61.5,18,0,0,0,0
real,0,1154,1663,5774,150,37.5,7,0,0,1,0
real,0,255,477,1532,147,73.5,17,0,0,0,0
real,0,1492,318,15587,426,71.0,28,0,0,0,0
real,0,582,282,8231,144,72.0,19,0,0,0,0
real,0,4957,7235,60841,48,24.0,15,1,0,1,0
real,0,1226,320,17564,330,55.0,14,0,0,0,0
real,0,1665,1315,12060,147,29.4,17,1,0,1,0
real,0,506,275,5763,277,46.2,25,0,0,0,0
real,0,1006,721,11116,209,104.5,45,0,0,0,0
real,0,685,735,5644,151,50.3,25,1,0,1,0
real,0,380,203,1665,197,39.4,12,0,0,0,0
real,0,1965,443,18761,224,74.7,16,0,0,0,0
real,0,4248,2679,57816,217,72.3,28,0,0,0,0
real,0,3139,1492,84960,180,90.0,24,0,0,0,0
real,0,1833,1036,54108,71,71.0,18,0,0,1,0
real,0,1693,1094,5915,147,36.8,23,1,0,2,1
real,0,9070,3651,339240,403,57.6,32,0,0,0,1
real,0,16277,30429,115548,124,31.0,16,0,0,1,0
real,0,870,515,6610,146,73.0,18,0,0,0,0
real,0,2542,1937,22107,190,47.5,21,0,0,1,0
real,0,4446,3375,108929,219,43.8,34,1,0,0,0
real,0,572,521,3518,328,82.0,32,0,0,0,0
real,0,322,384,2884,189,37.8,26,0,0,0,1
real,0,562,1465,2675,162,32.4,22,0,0,1,1
real,0,791,940,20777,144,48.0,29,1,0,0,0
real,0,160,191,3769,127,42.3,19,1,0,1,0
real,0,1265,4174,19001,286,95.3,26,0,0,0,0
real,0,491,1849,5885,244,81.3,34,0,0,0,0
real,0,923,1831,6298,127,127.0,20,0,0,1,0
real,0,858,838,4779,247,49.4,18,0,0,0,1
real,0,5285,1699,109668,154,51.3,24,0,0,0,0
real,0,709,519,6900,137,68.5,35,0,0,0,0
real,0,880,215,3585,490,37.7,17,0,0,0,0
real,0,1797,3084,11533,156,78.0,20,1,0,0,0
real,0,2005,1662,15195,210,70.0,16,0,0,0,0
real,0,501,432,3415,299,42.7,23,0,0,1,1
real,0,14598,3241,341231,376,53.7,31,0,0,0,0
real,0,431,532,2134,111,55.5,16,0,0,0,0
real,0,4346,2412,159229,206,41.2,17,0,0,0,0
real,0,2633,623,17010,128,128.0,21,0,0,0,0
real,0,548,555,3330,188,188.0,25,0,0,0,0
real,0,477,362,2375,521,74.4,29,1,0,0,0
real,0,407,577,1812,113,56.5,19,0,0,0,0
real,0,6590,5120,165532,285,57.0,27,0,0,1,0
real,0,689,1552,5724,204,51.0,21,1,0,2,0
real,0,339,158,1368,419,46.6,16,0,0,0,0
real,0,2629,2254,50179,155,38.8,22,0,0,0,0
real,0,426,1553,3820,194,48.5,22,0,0,0,0
real,0,335,344,2371,410,58.6,32,0,0,0,0
real,0,7076,5712,236580,302,43.1,29,0,0,0,0
real,0,760,3284,4690,153,38.3,14,0,0,1,0
real,0,1750,399,19672,125,125.0,18,0,0,0,0
real,0,1023,8628,10917,75,75.0,11,0,0,0,0
real,0,2861,2020,21141,579,64.3,29,0,0,0,0
real,0,1409,3218,23501,164,41.0,21,1,0,0,0
real,0,5125,1153,40396,149,74.5,14,0,0,0,0
real,0,506,588,6258,259,51.8,18,0,0,0,0
real,0,525,412,3283,144,72.0,14,0,0,0,0
real,0,547,943,6756,133,66.5,19,0,0,0,0
real,0,330,264,2315,164,54.7,41,0,0,0,0
real,0,7586,3154,59458,143,20.4,16,1,0,1,2
real,0,1225,1974,9473,155,38.8,7,0,0,2,1
real,0,366,784,2689,327,81.8,37,0,0,0,0
real,0,1088,1232,7591,986,58.0,29,0,0,0,3
real,0,360,349,3522,122,122.0,13,0,0,0,0
real,0,757,459,3857,161,53.7,21,0,0,0,0
real,0,1610,1030,9206,151,75.5,21,0,0,0,0
real,0,1432,603,10753,142,71.0,19,0,0,0,0
real,0,5340,6612,52819,431,47.9,16,1,0,0,0
real,0,1547,1134,14482,239,79.7,30,0,0,0,0
real,0,1301,341,15286,182,60.7,16,0,0,0,0
real,0,6481,1239,30150,247,35.3,12,0,0,0,0
real,0,351,214,1997,132,66.0,30,0,0,0,0
real,0,490,286,3394,240,60.0,15,0,0,0,0
real,0,132,105,706,174,174.0,19,0,0,0,0
real,0,2297,395,15069,265,132.5,31,0,0,0,0
real,0,729,558,5643,345,69.0,24,0,0,0,0
real,0,10286,2640,19454,161,161.0,10,0,0,0,0
real,0,1735,3523,16260,146,29.2,7,0,0,1,0
real,0,336,312,1181,70,35.0,19,0,0,1,0
real,0,1468,1402,24742,102,102.0,18,0,0,0,0
real,0,6946,875,19844,318,159.0,28,0,0,0,0
real,0,810,748,11134,200,50.0,22,0,0,0,0
real,0,6259,7149,133769,290,48.3,39,0,0,0,0
real,0,2517,915,10962,183,91.5,13,0,0,0,0
real,0,851,3488,5060,146,48.7,28,0,0,0,0
real,0,482,526,5464,154,38.5,20,1,0,0,0
real,0,354,326,4050,81,81.0,16,0,0,0,0
real,0,558,332,2378,227,227.0,31,0,0,0,0
real,0,1172,545,8638,104,52.0,27,0,0,0,0
real,0,1730,2025,14760,255,127.5,27,0,0,0,0
real,0,1383,5724,19924,83,83.0,18,0,0,0,1
real,0,298,276,1826,136,34.0,17,0,0,0,0
real,0,11835,124288,155971,144,48.0,27,1,0,1,0
real,0,642,363,4534,221,73.7,17,0,0,0,0
real,0,2648,1080,16386,99,99.0,27,0,0,0,0
real,0,4683,2396,112119,133,133.0,40,0,0,0,0
real,0,4268,13569,72784,146,36.5,12,0,0,1,0
real,0,18226,38338,564353,214,53.5,19,1,0,1,0
real,0,913,416,2140,124,62.0,19,0,0,1,0
real,0,3383,10781,69412,167,83.5,20,0,0,0,0
real,0,1409,7104,16881,56,28.0,21,1,0,1,0
real,0,443,359,3388,401,100.3,16,0,0,0,0
real,0,658,529,4988,170,85.0,27,0,0,0,0
real,0,609,492,7299,131,65.5,18,0,0,0,0
real,0,441,295,2813,206,68.7,17,0,0,0,0
real,0,73717,1886915,1042087,155,51.7,12,0,0,0,0
real,0,257,532,2529,1079,38.5,15,0,0,0,0
real,0,1240,2801,9810,150,37.5,7,0,0,0,1
real,0,3131,2056,21728,167,27.8,18,1,0,1,1
real,0,1191,2923,10908,153,38.3,14,0,0,0,0
real,0,1227,947,8453,155,77.5,22,0,0,1,0
real,0,1652,561,25061,164,82.0,30,0,0,0,0
real,0,1002,288,6344,524,104.8,25,0,0,0,0
real,0,2093,1363,54962,170,34.0,15,0,0,1,0
real,0,342,446,4783,153,38.3,14,0,0,0,0
real,0,275,309,1848,151,75.5,34,0,0,0,0
real,0,577,869,9993,304,152.0,17,0,0,0,0
real,0,206,155,1146,187,93.5,14,0,0,0,0
real,0,6756,1807,167023,227,113.5,37,0,0,0,0
real,0,5328,2290,93269,133,33.3,17,0,0,1,0
real,0,2091,3408,18968,57,57.0,25,1,0,0,0
real,0,2589,2966,33095,154,77.0,19,1,0,0,0
real,0,7317,3124,113022,193,64.3,18,0,0,0,0
real,0,232,198,1427,120,120.0,18,0,0,0,0
real,0,603,1037,9211,568,71.0,46,0,0,1,0
real,0,9821,5275,150343,147,73.5,14,0,0,0,0
real,0,135,132,930,126,126.0,25,0,0,0,0
real,0,706,1332,8204,85,28.3,15,1,0,1,0
real,0,1238,1833,4252,143,47.7,21,1,0,1,1
real,0,3377,2760,44080,434,72.3,57,0,0,0,0
real,0,1405,869,5326,152,50.7,17,0,0,0,0
real,0,661,514,4668,796,88.4,45,0,0,0,1
real,0,820,433,4140,176,58.7,32,0,0,0,0
real,0,758,1472,8411,129,64.5,21,1,0,0,0
real,0,1157,4328,12980,101,101.0,23,0,0,0,0
real,0,2504,8336,68684,225,37.5,21,1,0,1,0
real,0,564,1207,5634,152,30.4,26,1,0,1,0
real,0,2930,837,32927,379,63.2,18,0,0,0,0
real,0,736,618,12827,174,87.0,19,0,0,0,0
real,0,533,383,3678,164,32.8,17,1,0,0,0
real,0,1284,3171,8584,98,32.7,12,0,0,1,0
real,0,3597,722,19658,157,78.5,22,0,0,0,0
real,0,453,579,2208,162,81.0,19,0,0,0,0
real,0,267,233,1227,104,104.0,15,0,0,0,0
real,0,643,432,6847,408,34.0,19,0,0,0,0
real,0,1775,860,23339,315,45.0,34,0,0,0,0
real,0,2164,459,14959,140,70.0,19,0,0,0,0
real,0,1124,535,7939,560,43.1,29,0,0,0,0
real,0,1546,2389,16654,53,17.7,25,1,0,2,0
real,0,714,424,4495,162,81.0,32,0,0,0,0
real,0,413,391,5163,161,80.5,24,0,0,0,0
real,0,1101,1292,10084,54,18.0,25,1,0,2,0
real,0,1146,328,5217,144,36.0,20,0,0,0,2
real,0,3625,1409,46202,138,46.0,17,0,0,0,0
real,0,3536,1067,27451,367,61.2,19,0,0,0,0
real,0,700,722,2994,171,42.8,19,0,0,0,0
real,0,1423,12842,17445,121,121.0,22,0,0,1,0
real,0,109,142,911,99,49.5,19,0,0,1,0
real,0,732,546,4169,146,48.7,7,0,0,1,0
real,0,991,289,5449,568,37.9,24,0,0,0,0
real,0,466,439,2227,309,77.3,29,0,0,0,0
real,0,447,421,4198,161,32.2,16,1,0,1,0
real,0,3336,3871,105232,174,43.5,34,1,0,0,0
real,0,7895,6426,350357,240,80.0,41,0,0,0,0
real,0,2149,1537,24169,100,50.0,17,0,0,0,0
real,0,306,444,1586,123,61.5,20,0,0,0,0
real,0,192,378,2464,132,44.0,25,1,0,1,0
real,0,942,972,11682,298,74.5,33,0,0,0,0
real,0,520,1269,2559,145,48.3,26,0,1,0,0
real,0,570,442,6828,97,48.5,21,0,0,1,0
real,0,1151,2231,12734,80,80.0,11,0,0,1,0
real,0,1475,905,20963,114,38.0,25,0,0,1,0
real,0,1715,5117,28670,149,74.5,22,0,0,0,0
real,0,7863,5251,234355,153,76.5,15,0,0,0,0
real,0,942,561,12304,378,63.0,18,0,0,0,0
real,0,7823,2691,82134,171,57.0,23,0,0,0,0
real,0,933,252,4457,199,66.3,14,0,0,0,0
real,0,4229,2093,34947,150,50.0,25,0,0,0,0
real,0,453,288,5515,279,69.8,45,0,0,0,0
real,0,2599,3661,76465,148,49.3,36,1,0,0,0
real,0,711,330,6224,230,46.0,27,0,0,0,0
real,0,861,610,6887,143,71.5,28,0,0,0,0
real,0,6620,1662,195627,347,69.4,15,0,0,0,0
real,0,574,357,4746,137,34.3,26,1,0,1,1
real,0,677,351,9621,60,60.0,16,0,0,0,0
real,0,4465,4890,51856,199,33.2,31,1,0,0,0
real,0,834,475,9968,161,80.5,27,0,0,0,0
real,0,2132,488,16012,216,43.2,14,0,0,0,0
real,0,688,367,3319,612,47.1,25,0,0,0,0
real,0,428,281,2801,467,58.4,34,0,0,0,1
real,0,527,365,3551,146,36.5,19,0,0,0,0
real,0,1229,2269,14515,137,45.7,21,1,0,1,0
real,0,699,430,4780,262,52.4,16,0,0,0,0
real,0,483,380,3357,604,67.1,28,0,0,0,0
real,0,10219,2666,283755,296,59.2,30,0,0,0,0
real,0,1009,2316,41405,107,35.7,18,1,0,1,0
real,0,1231,239,8974,264,52.8,23,0,0,0,0
real,0,453,291,2691,199,49.8,28,0,0,0,0
real,0,378,1256,2707,220,73.3,20,0,0,0,0
real,0,1022,1578,8260,142,35.5,23,1,0,2,0
real,0,394,654,4897,154,154.0,21,1,0,0,0
real,0,372,268,2193,117,58.5,28,0,0,0,0
real,0,2141,411,12948,155,155.0,28,0,0,0,0
real,0,425,344,1702,141,70.5,37,0,0,0,0
real,0,1260,1866,6958,141,47.0,31,0,0,1,0
real,0,558,657,5166,150,50.0,29,1,0,0,0
real,0,3599,721,80159,168,56.0,30,0,0,0,0
real,0,1990,2794,11673,285,47.5,25,0,0,0,0
real,0,1671,2699,14211,55,55.0,25,1,0,0,0
real,0,726,251,5843,127,63.5,14,0,0,0,0
real,0,657,454,2473,1945,77.8,16,0,0,0,0
real,0,3308,1448,87264,306,61.2,33,0,0,0,0
real,0,3658,4695,56434,64,21.3,12,1,0,1,0
real,0,1648,810,23054,372,53.1,27,0,0,0,0
real,0,1764,476,14912,188,94.0,19,0,0,0,0
real,0,1445,847,8873,89,29.7,20,0,0,1,0
real,0,420,1490,2155,167,41.8,22,1,0,0,0
real,0,1922,804,12068,436,54.5,16,0,0,0,0
real,0,609,423,3426,418,59.7,15,0,0,0,0
real,0,312,625,3404,133,33.3,15,0,0,0,0
real,0,745,467,6018,134,33.5,12,0,0,1,0
real,0,550,440,3134,2614,43.6,35,0,0,0,0
real,0,2445,1266,49348,221,44.2,14,1,0,0,0
real,0,2671,1456,17866,155,51.7,12,0,0,0,0
real,0,3397,1808,80325,142,35.5,18,1,0,0,0
real,0,6013,2302,177414,151,75.5,19,0,0,0,0
real,0,183,120,2483,123,61.5,26,0,0,0,0
real,0,948,316,5632,199,39.8,19,0,0,2,0
real,0,278,436,2132,139,139.0,21,0,0,0,0
real,0,496,188,2531,190,38.0,26,0,0,0,0
real,0,1442,612,10772,186,46.5,25,0,0,0,0
real,0,8606,2286,136508,150,75.0,17,0,0,0,0
real,0,455,339,3883,302,50.3,40,0,0,0,1
real,0,526,219,5888,171,57.0,33,0,0,0,0
real,0,525,378,2646,192,64.0,14,0,0,0,0
real,0,529,483,1740,127,63.5,19,0,0,0,0
real,0,3060,2030,18467,441,55.1,17,0,0,3,0
real,0,3191,588,30572,211,70.3,36,0,0,0,0
real,0,528,1098,8522,154,77.0,23,1,0,1,0
real,0,380,226,1657,136,68.0,15,0,0,0,0
real,0,154,124,982,131,131.0,26,0,0,0,0
real,0,495,310,6824,158,52.7,19,0,0,0,0
real,0,1297,903,16079,152,50.7,17,0,0,1,0
real,0,532,906,5465,108,36.0,27,1,0,0,0
real,0,367,192,3525,58,58.0,12,0,0,0,0
real,0,1038,411,11885,134,67.0,20,0,0,0,0
real,0,390,223,1994,759,58.4,31,0,0,0,0
real,0,468,219,2610,212,70.7,31,0,0,0,0
real,0,405,659,3761,119,39.7,15,0,0,0,0
real,0,200,291,1111,162,81.0,26,0,0,0,0
real,0,14732,7925,132549,138,138.0,19,0,0,0,0
real,0,948,476,4584,386,64.3,30,1,0,0,0
real,0,455,347,4247,147,49.0,30,0,0,0,0
real,0,2559,1766,59887,281,56.2,15,0,0,0,0
real,0,878,684,13474,212,70.7,37,0,0,0,0
real,0,659,458,2435,130,65.0,20,0,0,0,0
real,0,888,427,7184,176,58.7,26,0,0,0,0
real,0,472,285,7565,130,65.0,27,0,0,0,0
real,0,1243,2085,25218,216,72.0,29,0,0,0,0
real,0,427,756,2743,256,85.3,41,0,0,0,0
real,0,292,316,2318,369,92.3,53,0,0,0,0
real,0,463,561,2875,214,53.5,18,0,0,0,0
real,0,384,353,2930,187,93.5,31,0,0,0,0
real,0,775,551,10701,136,68.0,15,0,0,0,0
real,0,427,233,2682,324,54.0,12,0,0,0,0
real,0,1035,701,6119,130,26.0,14,1,0,0,0
real,0,6736,1954,104097,132,33.0,17,0,0,0,0
real,0,8413,4091,146367,256,42.7,17,0,0,0,0
real,0,1518,874,11872,150,50.0,22,0,0,0,0
real,0,495,704,2860,365,36.5,22,0,0,0,0
real,0,1190,578,11760,205,102.5,31,0,0,0,0
real,0,162,154,1249,130,130.0,31,0,0,0,0
real,0,690,499,5882,169,56.3,11,0,0,0,1
real,0,10438,3926,194211,275,137.5,38,0,0,0,0
real,0,442,1422,2405,171,42.8,21,0,0,0,0
real,0,15701,10153,441470,141,141.0,33,0,0,0,0
real,0,784,459,4348,562,93.7,30,0,0,0,0
real,0,12903,12276,315589,175,35.0,25,1,0,2,0
real,0,2087,1180,32088,198,66.0,34,0,0,0,0
real,0,943,1064,6104,153,76.5,22,0,0,0,0
real,0,697,623,6136,134,134.0,33,0,0,0,0
real,0,1450,678,15839,151,75.5,18,0,0,0,0
real,0,533,780,6088,128,32.0,14,0,0,1,0
real,0,505,1061,2845,147,36.8,19,0,0,0,0
real,0,7366,6762,228154,218,54.5,21,0,0,0,0
real,0,1716,11462,14464,141,35.3,12,1,0,1,0
real,0,955,2069,4712,79,26.3,17,1,0,1,1
real,0,685,500,8258,173,57.7,36,0,0,0,0
real,0,783,1054,4476,150,37.5,7,0,0,0,1
real,0,1479,1310,35420,399,66.5,25,0,0,0,0
real,0,33736,49444,724508,285,35.6,25,0,0,0,0
real,0,1274,2111,12721,52,17.3,25,1,0,2,0
real,0,596,438,3367,126,63.0,17,0,0,0,0
real,0,1139,1180,5299,213,106.5,32,0,0,0,0
real,0,1624,1907,19413,147,36.8,32,0,0,0,0
real,0,423,178,2547,154,77.0,15,0,0,0,0
real,0,1901,1389,47326,120,60.0,20,0,0,0,0
real,0,391,283,2517,774,70.4,29,0,0,0,0
real,0,661,211,3885,554,46.2,16,0,0,0,0
real,0,1204,458,19879,234,39.0,18,0,0,0,0
real,0,579,468,2921,126,63.0,17,0,0,0,0
real,0,599,575,6415,975,88.6,34,0,0,1,0
real,0,215,135,931,115,57.5,19,0,0,0,0
real,0,1792,7338,17355,60,15.0,16,1,0,1,2
real,0,704,639,3942,126,63.0,17,0,0,0,0
real,0,1868,371,10303,354,118.0,27,0,0,0,0
real,0,477,387,1634,599,66.6,30,0,0,0,0
real,0,487,297,5014,141,70.5,21,0,0,0,0
real,0,1319,2090,12438,54,18.0,26,1,0,2,0
real,0,69,161,1071,114,57.0,19,0,0,1,0
real,0,1709,1379,16443,138,46.0,25,0,0,1,0
real,0,1359,2225,12321,144,28.8,7,0,0,2,0
real,0,3389,2046,21332,175,35.0,24,0,0,2,0
real,0,1029,2834,8468,160,80.0,27,0,0,1,0
real,0,1374,3829,14979,87,21.8,8,0,0,1,1
real,0,293,177,2162,127,31.8,18,1,0,1,0
real,0,909,1070,5854,211,42.2,15,0,0,0,0
real,0,2225,1534,37658,219,54.8,30,0,0,0,0
real,0,174,150,1258,128,128.0,25,0,0,0,0
real,0,1254,580,6919,161,161.0,35,0,0,0,0
real,0,1152,648,16472,303,151.5,18,0,0,0,0
real,0,1260,2738,15154,152,30.4,28,0,1,1,0
real,0,1173,818,9161,150,30.0,24,0,1,0,0
real,0,8130,22337,190363,149,37.3,23,1,0,1,0
real,0,10648,5346,66350,118,59.0,15,0,0,0,0
real,0,1694,2617,20987,125,62.5,18,0,0,1,0
real,0,1057,854,7182,197,98.5,15,0,0,0,2
real,0,1670,1115,27748,134,44.7,21,1,0,1,0
real,0,4704,1006,41863,741,61.8,16,0,0,0,0
real,0,735,1900,4457,81,40.5,10,0,0,2,0
real,0,2117,5146,42709,145,29.0,21,1,0,1,0
real,0,544,379,2231,336,67.2,29,0,0,0,0
real,0,832,524,4112,343,57.2,21,0,0,0,0
real,0,1540,1050,12089,198,66.0,32,0,0,0,0
real,0,2443,4050,128432,151,50.3,33,0,0,0,0
real,0,535,433,1645,143,47.7,22,0,0,0,0
real,0,1777,1689,30211,296,74.0,30,0,0,0,0
real,0,714,771,4208,378,54.0,43,1,0,0,0
real,0,573,483,2697,145,72.5,22,0,0,0,0
real,0,4776,201,19026,131,43.7,20,0,0,1,0
real,0,266,637,1463,117,19.5,14,0,0,1,3
real,0,1101,880,10539,139,69.5,17,0,0,0,0
real,0,426,325,2953,313,62.6,26,0,0,0,1
real,0,2308,2551,49275,159,26.5,27,0,1,1,2
real,0,698,864,2977,149,74.5,13,0,0,0,0
real,0,6523,4707,42724,185,61.7,20,0,0,0,0
real,0,323,375,1445,127,63.5,19,0,0,0,0
real,0,2707,1498,19551,213,71.0,32,0,0,0,0
real,0,285,255,1435,203,50.8,12,0,0,0,0
real,0,496,431,3626,232,38.7,36,1,0,0,0
real,0,546,492,2843,342,68.4,31,1,0,0,0
real,0,385,418,1655,87,43.5,17,0,0,0,0
real,0,536,704,3985,108,36.0,14,1,0,1,0
real,0,2173,4503,30809,117,39.0,26,0,0,1,1
real,0,1064,2711,9359,153,25.5,7,0,0,0,0
real,0,8241,14125,69153,247,61.8,19,0,1,0,0
real,0,1981,642,13439,150,75.0,28,0,0,0,0
real,0,658,553,5742,130,65.0,15,0,0,0,0
real,0,8046,5048,165722,104,52.0,15,0,0,0,0
real,0,3074,2116,69956,413,51.6,40,0,0,0,0
real,0,1822,47212,7497,130,26.0,23,0,0,2,0
real,0,382,312,2139,161,80.5,13,0,0,0,0
real,0,5972,15373,106125,140,46.7,21,1,1,0,0
real,0,8858,9819,133824,147,21.0,15,2,0,5,0
real,0,260,275,1342,128,128.0,17,0,0,0,0
real,0,769,991,7990,142,47.3,25,1,0,0,0
real,0,1072,431,8005,942,104.7,33,0,0,0,0
real,0,1368,836,18397,142,71.0,27,0,0,0,0
real,0,587,302,4022,226,113.0,20,0,0,0,0
real,0,2326,3608,38718,293,73.3,31,1,0,0,0
real,0,1459,537,8050,352,39.1,26,0,0,0,0
real,0,1597,178,9154,120,40.0,18,0,0,1,1
real,0,322,984,2551,225,45.0,25,1,0,0,0
real,0,1059,487,6083,584,34.4,29,0,0,0,0
real,0,530,194,4016,291,72.8,29,0,0,0,0
real,0,3638,350,30566,337,112.3,12,0,0,0,0
real,0,1368,953,16019,188,62.7,17,0,0,0,0
real,0,359,218,2489,857,53.6,16,0,0,0,0
real,0,4470,11136,44590,104,34.7,18,1,0,1,0
real,0,532,674,4915,253,63.3,23,0,0,0,0
real,0,1423,3529,13097,189,63.0,34,0,0,1,0
real,0,288,1033,1969,112,37.3,21,1,0,1,0
real,0,1052,344,8110,145,48.3,20,0,0,0,0
real,0,445,695,2244,112,56.0,16,0,0,0,0
real,0,2054,638,37073,259,64.8,17,0,0,0,0
real,0,2845,1291,20195,511,39.3,22,0,0,0,0
real,0,805,366,15366,234,78.0,29,0,0,0,0
real,0,7320,1146,130233,223,55.8,35,0,0,0,0
real,0,679,462,5540,156,52.0,18,0,0,1,0
real,0,910,493,13500,146,73.0,19,0,0,0,0
real,0,1483,800,16838,196,98.0,31,0,0,0,0
real,0,1335,181,13383,179,44.8,12,0,0,0,0
real,0,2572,849,13435,93,31.0,17,1,0,1,0
real,0,588,1711,5066,142,47.3,17,0,0,1,0
real,0,3423,1780,32223,218,54.5,24,0,0,0,0
real,0,1703,1147,15481,267,89.0,39,0,0,0,0
real,0,166,109,1434,123,123.0,23,0,0,0,0
real,0,2938,2063,34282,149,149.0,12,0,0,1,0
real,0,519,622,8748,161,40.3,21,1,0,0,0
real,0,799,1469,4996,141,47.0,15,1,0,2,0
real,0,1690,387,12798,111,37.0,19,1,0,1,0
real,0,500,4034,4287,285,57.0,26,0,0,0,1
real,0,430,1401,4097,97,24.3,15,1,0,1,0
real,0,1543,425,17034,852,32.8,18,0,0,0,0
real,0,21943,4447,282875,720,72.0,34,0,0,0,0
real,0,386,685,1849,112,56.0,16,0,0,0,0
real,0,572,161,4604,253,42.2,13,0,0,0,0
real,0,426,256,3673,162,81.0,16,0,0,0,0
real,0,1684,1880,27293,210,42.0,14,0,0,2,1
real,0,824,739,8875,391,35.5,13,0,0,0,0
real,0,579,624,3113,202,67.3,21,0,0,0,0
real,0,782,1983,5246,247,41.2,39,0,0,1,1
real,0,2106,1255,13448,175,87.5,19,0,0,0,0
real,0,851,356,4481,224,74.7,22,0,0,0,0
real,0,1037,1012,9814,91,45.5,15,0,0,1,0
real,0,276,438,1847,190,47.5,18,0,0,0,0
real,0,1841,581,18136,299,149.5,21,0,0,0,0
real,0,1858,1860,9947,279,39.9,14,0,0,0,0
real,0,1652,1694,22025,148,37.0,20,1,0,1,0
real,0,2464,3382,24845,144,24.0,7,0,0,2,0
real,0,457,375,3759,186,62.0,21,0,0,0,0
real,0,1141,1827,16565,59,19.7,12,1,0,1,0
real,0,503,859,3049,160,40.0,12,0,0,0,0
real,0,438,304,3424,524,65.5,35,0,0,0,0
real,0,1640,1957,28379,145,48.3,19,1,0,1,0
real,0,872,485,9818,119,59.5,18,0,0,0,0
real,0,934,286,6384,183,61.0,35,0,0,0,0
real,0,10811,18683,228984,163,81.5,16,0,0,0,0
real,0,3358,3614,20303,181,60.3,36,0,0,0,0
real,0,543,382,6284,215,53.8,18,0,0,0,0
real,0,802,1140,7130,102,34.0,21,1,0,1,0
real,0,758,328,6853,211,105.5,22,0,0,0,0
real,0,1608,898,29185,156,39.0,26,1,0,1,0
real,0,3296,3045,131349,161,80.5,15,0,0,0,0
real,0,482,417,2226,166,83.0,30,0,0,0,0
real,0,2847,1028,60153,244,61.0,32,0,0,0,0
real,0,1229,1083,11491,130,43.3,11,0,0,0,0
real,0,1176,658,7727,179,89.5,36,0,0,0,0
real,0,656,218,6957,144,72.0,17,0,0,0,0
real,0,480,357,1798,243,48.6,13,0,0,0,0
real,0,6202,3393,50465,143,20.4,7,0,0,1,2
real,0,2836,4665,49804,121,40.3,28,0,0,2,0
real,0,2254,1643,45497,112,56.0,16,0,0,0,0
real,0,447,734,2178,246,82.0,33,0,0,0,0
real,0,174,232,867,116,116.0,22,0,0,0,0
real,0,481,953,6435,144,48.0,15,0,0,2,0
real,0,970,874,4408,371,53.0,27,0,0,0,0
real,0,1148,997,25239,147,29.4,30,0,0,1,0
real,0,1286,1764,9843,98,49.0,19,0,0,0,0
real,0,825,809,8016,191,47.8,28,0,0,0,0
real,0,781,645,3702,145,36.3,7,0,0,1,0
real,0,3251,1186,51572,145,48.3,22,0,0,0,0
real,0,1120,1087,9251,106,26.5,13,1,0,0,0
real,0,13352,3566,399026,144,72.0,28,0,0,0,0
real,0,9716,14328,213403,143,71.5,16,0,0,1,0
real,0,1061,1361,7793,114,28.5,19,1,0,2,0
real,0,4585,16841,90181,111,22.2,17,0,0,2,0
real,0,1044,1128,12751,145,48.3,29,0,0,0,0
real,0,1228,2443,12699,147,49.0,14,0,0,1,0
real,0,340,217,1453,245,122.5,30,0,0,0,0
real,0,2639,1341,18544,150,37.5,23,1,0,1,0
real,0,275,221,1121,140,70.0,12,0,0,0,0
real,0,592,548,2742,398,66.3,29,1,0,0,0
real,0,1866,1129,14816,4984,31.3,18,0,0,0,0
real,0,959,428,3996,648,81.0,33,0,0,0,0
real,0,1616,1164,34552,172,86.0,29,0,0,0,0
real,0,203,95,2230,101,25.3,18,1,0,1,0
real,0,3138,3860,31680,152,38.0,20,1,0,1,0
real,0,294,445,1179,337,37.4,12,0,0,0,0
real,0,403,274,1698,145,145.0,11,0,0,0,0
real,0,950,1343,14399,99,49.5,14,1,0,1,0
real,0,1107,490,9968,192,48.0,10,0,0,0,0
real,0,4179,800,51083,156,78.0,31,0,0,0,0
real,0,392,258,3250,167,55.7,15,0,0,0,0
real,0,1655,1643,14984,142,35.5,7,0,0,0,0
real,0,3519,1093,50269,84,42.0,13,0,0,0,0
real,0,288,451,1533,110,110.0,17,0,0,0,0
real,0,1307,867,14249,183,91.5,26,0,0,0,0
real,0,4333,1062,95098,133,133.0,22,0,0,0,0
real,0,687,839,3144,200,40.0,23,0,0,0,0
real,0,542,448,3673,409,58.4,21,0,0,1,0
real,0,1831,2375,25814,157,52.3,19,1,0,1,0
real,0,25723,17305,432017,139,69.5,18,1,0,0,1
real,0,454,558,2713,151,50.3,25,1,0,0,0
real,0,336,519,1865,196,49.0,17,0,0,0,0
real,0,2197,633,19788,563,140.8,36,0,0,0,0
real,0,1226,871,13172,146,48.7,20,0,0,0,0
real,0,689,638,7918,111,55.5,16,0,0,0,0
real,0,735,787,9068,137,45.7,25,0,1,0,0
real,0,617,966,4791,142,35.5,24,1,0,0,0
real,0,639,492,3232,137,68.5,15,0,0,0,0
real,0,79,119,1321,122,61.0,19,0,0,0,0
real,0,1180,533,23967,140,140.0,17,1,0,0,0
real,0,3623,1988,29158,776,86.2,24,0,0,0,0
real,0,6394,2481,121349,176,58.7,16,0,0,0,0
real,0,367,511,1929,477,68.1,27,0,0,0,0
real,0,427,392,1311,84,42.0,19,0,0,1,0
real,0,4589,1639,68842,226,56.5,37,0,0,0,0
real,0,1428,3888,20936,131,43.7,12,0,0,1,0
real,0,1709,1242,30743,396,56.6,26,0,1,0,1
real,0,738,681,8147,136,136.0,26,0,0,0,0
real,0,1331,4351,9600,149,74.5,10,0,0,0,0
real,0,510,768,4754,228,57.0,17,0,0,0,0
real,0,1662,572,10753,197,98.5,13,0,0,0,0
real,0,2048,2422,34537,167,33.4,18,1,0,0,0
real,0,3026,339,22403,150,150.0,20,0,0,0,0
real,0,592,590,5521,117,117.0,16,0,0,1,0
real,0,568,1824,11437,328,36.4,19,1,0,0,0
real,0,329,145,2381,212,70.7,31,0,0,0,0
real,0,373,261,2642,168,56.0,14,0,0,0,0
real,0,1262,13773,11043,130,26.0,19,1,0,2,0
real,0,594,541,11373,251,125.5,23,0,0,0,0
real,0,1671,1079,27480,152,76.0,24,0,0,0,0
real,0,2376,1313,24599,823,29.4,12,0,0,0,0
real,0,3474,8340,45477,144,72.0,17,1,0,1,0
real,0,6424,1434,145168,321,53.5,38,0,0,0,0
real,0,12600,1611,162371,137,137.0,17,0,0,0,0
real,0,425,644,3408,106,21.2,17,1,0,2,0
real,0,1355,526,15508,261,43.5,19,0,0,0,0
real,0,5353,1542,90444,611,76.4,40,0,0,0,0
real,0,674,310,6116,181,45.3,18,0,0,0,0
real,0,1490,327,6554,318,39.8,28,0,0,0,0
real,0,369,330,1730,85,42.5,17,0,0,0,0
real,0,688,1770,6395,137,68.5,22,0,0,0,0
real,0,705,691,8394,185,92.5,20,0,0,0,0
real,0,703,607,6442,142,71.0,22,0,0,0,0
real,0,1293,760,10707,201,50.3,30,0,0,0,0
real,0,682,862,13981,152,50.7,19,0,0,0,0
real,0,373,350,1914,148,74.0,28,0,0,0,0
real,0,2290,364,36129,240,60.0,14,0,0,0,0
real,0,8904,3834,217665,348,69.6,38,0,0,0,0
real,0,341,288,2195,164,164.0,35,0,0,0,0
real,0,895,1090,7853,132,66.0,16,0,0,1,0
real,0,8011,1974,133238,147,73.5,30,0,0,0,0
real,0,680,337,6522,121,121.0,25,0,0,0,0
real,0,759,440,3991,226,75.3,17,0,0,0,0
real,0,3439,606,17287,322,80.5,14,0,0,0,0
real,0,1511,1269,9211,145,36.3,7,0,0,0,0
real,0,441,359,2929,127,42.3,15,0,0,0,0
real,0,1194,4570,19436,113,56.5,33,0,0,1,0
real,0,1805,681,9113,183,61.0,22,0,0,0,0
real,0,464,454,2194,111,55.5,16,0,0,0,0
real,0,1132,1291,9073,83,83.0,23,0,0,0,0
real,0,109,126,1149,99,49.5,19,0,0,1,0
real,0,461,463,2286,147,73.5,19,1,0,0,0
real,0,5692,1879,50823,188,37.6,26,1,0,0,0
real,0,509,418,6180,141,35.3,18,0,0,1,0
real,0,3055,1778,54465,296,59.2,36,0,0,0,0
real,0,1434,569,6251,324,108.0,34,0,0,0,0
real,0,661,1232,77390,132,44.0,19,0,0,1,0
real,0,2227,449,25419,101,33.7,20,0,0,1,0
real,0,755,1060,5045,149,37.3,18,1,0,0,1
real,0,532,462,2634,227,56.8,14,0,0,0,0
real,0,828,1551,5459,204,51.0,22,0,0,0,0
real,0,595,425,2660,186,46.5,22,0,0,0,0
real,0,2615,361,12220,254,84.7,12,0,0,0,0
real,0,951,3151,14522,170,34.0,21,0,0,0,0
real,0,8602,32982,94523,155,31.0,22,0,1,1,1
real,0,3708,1410,27444,249,124.5,15,0,0,0,0
real,0,1441,2588,19057,137,45.7,24,1,0,2,0
real,0,407,441,5608,201,50.3,26,0,0,0,0
real,0,529,773,3873,104,104.0,15,0,0,0,0
real,0,357,365,1930,103,103.0,21,0,0,0,0
real,0,992,510,10124,852,40.6,28,1,0,0,1
real,0,681,1161,7063,58,58.0,25,1,0,0,0
real,0,388,422,1854,112,56.0,16,0,0,0,0
real,0,2629,3801,92403,158,39.5,19,0,0,0,0
real,0,3497,3642,30759,145,36.3,21,1,0,1,1
real,0,191,505,2847,142,71.0,29,0,0,0,0
real,0,2561,4124,27794,147,49.0,16,1,0,1,0
real,0,858,2467,15638,147,49.0,19,0,0,0,0
real,0,2578,1393,14553,140,35.0,7,0,0,1,0
real,0,758,654,8176,136,34.0,23,0,0,0,0
real,0,1228,478,19963,119,59.5,27,0,0,0,0
real,0,678,2960,10035,138,46.0,23,0,0,1,0
real,0,651,1401,5762,152,30.4,19,0,0,3,0
real,0,13127,401872,151445,174,43.5,25,2,0,1,0
real,0,1366,650,7748,159,79.5,22,0,0,0,0
real,0,458,313,2753,198,66.0,35,0,0,0,0
real,0,1171,2717,9116,112,56.0,16,0,0,1,0
real,0,974,1783,7832,101,50.5,14,0,0,2,0
real,0,3239,9202,49982,150,30.0,22,1,0,2,0
real,0,1455,7793,10115,115,115.0,28,0,0,0,0
real,0,739,453,7023,150,50.0,12,0,0,0,0
real,0,3064,1440,14753,82,20.5,29,1,0,2,1
real,0,1850,1125,19900,165,82.5,25,0,0,0,0
real,0,1154,914,12762,145,72.5,16,0,0,0,0
real,0,1012,442,9538,227,45.4,32,0,0,0,0
real,0,663,307,5037,238,39.7,19,0,0,0,0
real,0,1536,680,12323,564,47.0,32,0,0,0,0
real,0,2329,1249,38656,149,37.3,19,0,0,1,0
real,0,4218,2480,33960,110,55.0,18,0,0,0,0
real,0,1174,919,15417,171,57.0,17,0,0,0,0
real,0,874,877,10649,158,26.3,14,0,0,1,0
real,0,4154,6765,35612,144,72.0,21,1,0,1,0
real,0,356,254,1838,150,150.0,27,0,0,0,0
real,0,454,1090,3235,114,57.0,23,0,0,1,0
real,0,3507,1133,44934,448,40.7,15,0,0,0,0
real,0,2817,404,13345,375,125.0,28,0,0,0,0
real,0,554,678,6028,147,36.8,22,0,0,0,0
real,0,398,545,1758,82,82.0,19,0,0,0,0
real,0,388,248,3450,355,71.0,9,0,0,0,0
real,0,981,510,4125,165,55.0,10,0,0,1,0
real,0,9629,5898,78431,141,28.2,7,0,0,0,0
real,0,5516,5485,68714,671,51.6,24,1,0,0,0
real,0,1015,1131,14681,134,33.5,21,1,0,0,0
real,0,651,631,2568,112,56.0,16,0,0,0,0
real,0,312,233,1821,325,81.3,26,0,0,0,0
real,0,2133,894,17035,159,53.0,15,0,0,0,0
real,0,1764,5812,27700,135,33.8,15,1,0,1,0
real,0,839,438,5030,226,75.3,20,0,0,0,0
real,0,1387,5919,13321,101,25.3,26,1,1,1,0
real,0,344,251,3643,164,54.7,18,0,0,0,0
real,0,1422,906,10208,227,56.8,22,0,0,0,0
real,0,2639,1228,45778,326,54.3,33,0,0,0,0
real,0,1624,1939,19351,151,37.8,7,0,0,1,0
real,0,803,227,6724,107,26.8,18,1,0,1,0
real,0,729,268,8184,108,54.0,19,0,0,1,0
real,0,335,368,4115,142,28.4,24,0,0,0,0
real,0,794,749,8351,109,36.3,23,1,0,0,0
real,0,581,903,4024,147,36.8,25,0,0,2,1
real,0,367,387,2111,143,143.0,24,0,0,0,0
real,0,1495,882,20901,191,95.5,18,0,0,0,0
real,0,227,443,1500,407,37.0,36,0,1,0,1
real,0,434,373,1588,127,63.5,19,0,0,0,0
real,0,473,380,6027,190,31.7,20,1,0,1,1
real,0,1007,903,7059,129,32.3,17,0,1,0,1
real,0,318,415,2082,135,67.5,20,0,0,0,0
real,0,1483,1060,18206,133,44.3,27,0,0,1,0
real,0,6699,17088,123406,90,30.0,22,1,0,1,0
real,0,1023,419,4766,148,29.6,14,0,0,0,0
real,0,2095,12940,28331,107,53.5,27,1,0,0,0
real,0,1533,556,14461,260,65.0,15,0,0,0,0
real,0,150,153,1217,147,147.0,19,0,0,0,0
real,0,3086,1983,41040,152,38.0,16,0,0,0,0
real,0,7895,1548,60181,228,76.0,19,0,0,0,0
real,0,380,278,1865,334,55.7,45,0,0,0,0
real,0,589,474,6847,242,60.5,33,0,0,0,0
real,0,720,1155,5157,441,63.0,19,0,0,1,0
real,0,1705,983,11447,141,141.0,21,0,0,0,0
real,0,1902,1076,19389,280,56.0,15,0,0,0,0
real,0,398,562,1779,593,65.9,30,0,0,0,0
real,0,552,1125,4204,200,100.0,14,0,0,0,0
real,0,520,1308,3266,126,31.5,25,2,0,1,1
real,0,2123,3208,40559,143,71.5,39,0,0,0,0
real,0,959,1699,9902,98,32.7,18,1,0,0,0
real,0,276,326,1864,132,66.0,21,0,0,0,0
real,0,428,279,2802,161,53.7,21,0,0,0,0
real,0,29771,56861,746022,260,37.1,24,0,0,0,0
real,0,4482,14581,34708,146,73.0,31,0,0,0,0
real,0,475,564,3832,127,127.0,21,0,0,0,0
real,0,733,763,6805,157,78.5,18,0,0,0,0
real,0,402,407,2728,168,56.0,15,0,0,0,0
real,0,5775,2186,75931,142,35.5,27,1,0,1,0
real,0,2849,2049,21636,186,62.0,25,0,0,0,0
real,0,550,285,3049,206,206.0,27,0,0,0,0
real,0,629,197,3763,656,54.7,29,0,0,0,0
real,0,297,288,1081,319,63.8,11,0,0,0,0
real,0,893,643,4813,137,45.7,19,0,0,0,0
real,0,393,358,2890,136,45.3,11,0,0,0,0
real,0,3409,6930,51531,48,48.0,15,0,0,1,0
real,0,894,761,13688,151,75.5,23,0,0,0,0
real,0,2335,360,16605,255,127.5,31,0,0,0,0
real,0,697,406,3040,158,79.0,14,0,0,0,0
real,0,958,157,3169,147,36.8,18,0,0,1,2
real,0,1456,3261,12974,38,38.0,11,0,0,1,0
real,0,1146,611,4936,257,51.4,42,0,0,0,0
real,0,2695,1061,20580,177,44.3,19,0,0,0,0
real,0,101,314,1665,139,69.5,19,0,0,1,0
real,0,631,448,4320,298,33.1,33,1,1,0,0
real,0,962,306,3493,120,60.0,20,0,0,1,0
real,0,388,412,1464,113,56.5,19,0,0,0,0
real,0,1168,3153,39114,107,35.7,18,1,0,1,0
real,0,1288,585,10670,141,35.3,25,1,0,0,0
real,0,961,788,5177,109,54.5,14,0,1,0,0
real,0,2258,6975,45059,115,115.0,17,0,0,0,0
real,0,471,510,8162,73,73.0,13,0,0,0,0
real,0,11103,1748,66718,467,58.4,31,0,0,0,0
real,0,842,609,8152,146,48.7,40,0,0,1,0
real,0,1531,417,23175,481,53.4,15,0,0,0,0
real,0,1045,772,5403,117,58.5,20,0,0,0,0
real,0,4848,2580,75580,272,90.7,15,0,0,0,0
real,0,1495,549,16470,371,46.4,22,0,0,0,0
real,0,1563,958,10073,122,61.0,18,0,0,0,0
real,0,950,264,8347,148,49.3,19,0,0,0,0
real,0,14607,6819,200582,578,72.3,17,0,0,1,0
real,0,1447,1382,21108,129,64.5,14,1,0,0,0
real,0,1883,1777,25898,146,29.2,15,1,0,0,0
real,0,7435,7418,224852,155,51.7,21,1,0,1,0
real,0,1115,1258,7311,128,64.0,11,0,0,1,0
real,0,410,541,1444,572,63.6,31,0,0,0,0
real,0,2234,598,8137,210,105.0,35,0,0,0,0
real,0,869,937,12482,117,58.5,33,1,0,1,0
real,0,1141,899,14283,114,114.0,16,0,0,0,0
real,0,442,476,3454,334,66.8,15,0,0,0,0
real,0,316,270,2107,362,51.7,14,0,0,0,0
real,0,6434,5976,106365,126,42.0,17,0,0,1,2
real,0,16938,9605,400943,928,33.1,19,0,0,0,0
real,0,2948,931,17405,531,53.1,26,0,0,0,0
real,0,357,318,1710,236,47.2,26,0,0,0,0
real,0,610,252,5622,219,36.5,18,0,0,0,0
real,0,547,267,3013,198,49.5,12,0,0,0,0
real,0,1406,1096,6654,142,142.0,24,0,0,0,0
real,0,178,197,1692,157,78.5,22,0,0,0,0
real,0,1818,2715,21000,124,41.3,33,0,0,0,0
real,0,2994,4764,71003,140,46.7,30,1,0,1,0
real,0,555,257,7009,385,64.2,17,0,0,0,0
real,0,789,266,4599,542,67.8,23,0,0,0,0
real,0,661,474,3547,142,35.5,35,1,0,0,0
real,0,2061,2090,24956,146,36.5,14,0,0,0,0
real,0,365,325,1375,317,63.4,10,0,0,0,0
real,0,2551,7429,18677,143,47.7,30,2,0,1,0
real,0,2315,711,27844,152,50.7,20,0,0,0,0
real,0,268,255,1546,118,118.0,15,0,0,0,0
real,0,11787,2298,126379,179,59.7,17,0,0,0,0
real,0,2179,703,34484,591,59.1,27,0,0,0,0
real,0,2515,4091,19286,122,40.7,21,0,0,2,0
real,0,3078,3296,87272,146,29.2,22,1,0,2,0
real,0,497,697,2736,159,53.0,23,1,0,1,0
real,0,6479,9645,29603,3653,49.4,25,0,0,0,0
real,0,206,115,1069,118,59.0,21,0,0,1,0
real,0,528,589,5094,122,40.7,22,0,1,0,0
real,0,1968,6434,11516,93,46.5,15,0,0,1,0
real,0,846,393,17360,134,67.0,20,0,0,1,0
real,0,1416,1729,14194,236,236.0,25,0,0,0,0
real,0,537,297,6118,682,62.0,36,0,0,0,0
real,0,715,409,3348,171,34.2,12,0,0,0,0
real,0,995,1593,5536,138,23.0,7,0,0,2,2
real,0,674,533,8326,149,24.8,22,1,0,2,0
real,0,790,410,7427,162,54.0,26,0,0,0,0
real,0,278,158,1609,111,111.0,17,0,0,0,0
real,0,4461,15066,16227,142,35.5,16,0,0,1,0
real,0,1001,907,6717,147,147.0,14,0,0,0,0
real,0,755,323,3388,149,49.7,17,0,0,0,0
real,0,784,874,4908,418,38.0,20,0,0,0,4
real,0,1157,1415,9369,240,34.3,35,0,1,0,6
real,0,919,757,12436,168,42.0,23,0,0,0,0
real,0,2378,4878,18448,60,60.0,12,0,0,1,0
real,0,675,737,7067,287,71.8,48,0,0,0,0
real,0,8014,1202,53901,201,67.0,24,0,0,0,0
real,0,4354,1812,117153,190,63.3,22,0,0,0,0
real,0,646,659,7072,141,28.2,20,1,0,2,0
real,0,3847,26916,62567,91,30.3,16,1,0,0,0
real,0,608,627,6506,159,79.5,17,0,0,0,0
real,0,6423,3923,157097,386,38.6,29,0,0,0,1
real,0,543,332,5942,195,65.0,15,0,0,0,0
real,0,1875,6293,25581,114,57.0,9,0,0,1,0
real,0,585,450,1946,565,62.8,28,0,0,0,0
real,0,3207,2179,50256,158,52.7,22,1,0,0,0
real,0,609,1344,5033,117,29.3,26,0,0,3,1
real,0,632,401,2707,151,37.8,17,0,0,0,0
real,0,848,447,6189,139,139.0,32,0,0,0,0
real,0,3019,1074,18896,149,149.0,13,0,0,0,0
real,0,487,239,2800,238,59.5,36,0,0,0,0
real,0,494,388,1895,128,64.0,14,0,0,0,0
real,0,4919,2065,61454,175,35.0,18,0,0,3,0
real,0,2489,844,12238,178,44.5,17,0,0,1,0
real,0,705,1047,5315,167,41.8,30,1,0,0,0
real,0,488,597,2689,176,58.7,22,1,0,0,0
real,0,829,544,7765,258,86.0,40,0,0,0,0
real,0,714,410,3625,1869,32.8,19,1,0,0,0
real,0,490,520,1992,113,37.7,22,0,0,1,0
real,0,573,2038,3799,141,35.3,21,1,0,1,0
real,0,651,1460,6178,216,36.0,25,1,0,0,0
real,0,567,290,4551,162,81.0,16,0,0,0,0
real,0,817,953,4052,146,48.7,16,0,1,0,0
real,0,617,694,3097,111,55.5,16,0,0,0,0
real,0,1422,1703,11917,144,28.8,27,1,0,0,0
real,0,7525,7220,84377,79,26.3,20,1,0,1,0
real,0,3684,1548,41376,160,80.0,22,0,0,0,0
real,0,1434,468,16740,154,38.5,22,1,0,0,0
real,0,1045,1672,9346,139,19.9,13,2,0,3,0
real,0,2965,1319,82743,170,42.5,24,1,0,0,0
real,0,581,461,3303,150,75.0,15,0,0,0,0
real,0,200,509,914,565,62.8,15,0,0,0,0
real,0,342,315,1973,125,125.0,21,0,0,0,0
real,0,2660,5094,26220,144,36.0,7,0,0,1,0
real,0,1872,944,19034,147,49.0,21,1,0,1,0
real,0,354,432,2539,164,82.0,19,0,0,0,0
real,0,706,607,5042,206,103.0,18,0,0,0,0
real,0,2760,678,16994,167,41.8,18,0,0,1,0
real,0,7285,9099,16237,136,34.0,16,0,0,2,2
real,0,387,1006,1513,125,25.0,27,1,2,1,0
real,0,1098,582,8354,3074,37.0,37,0,0,0,0
real,0,3191,521,30676,239,59.8,29,0,0,0,0
real,0,566,264,3314,181,60.3,19,0,0,0,0
real,0,2752,248,10400,130,43.3,20,0,0,1,0
real,0,1352,1472,10877,144,24.0,20,0,0,1,0
real,0,181,205,1274,121,60.5,21,0,0,0,0
real,0,424,236,1715,586,45.1,34,0,0,0,0
real,0,1119,2075,12615,152,50.7,21,0,0,0,1
real,0,464,292,5216,258,64.5,30,0,0,0,0
real,0,752,671,5225,213,53.3,19,0,0,0,0
real,0,693,347,3333,135,67.5,15,0,0,0,0
real,0,998,826,4502,361,51.6,11,0,0,0,0
real,0,1075,454,7155,145,72.5,38,0,0,0,0
real,0,514,311,2648,194,64.7,28,0,0,0,0
real,0,108,171,1174,129,64.5,21,0,0,1,0
real,0,2689,532,37334,203,67.7,15,0,0,0,0
real,0,1286,399,5426,208,69.3,16,0,0,0,0
real,0,1339,1060,15247,113,56.5,24,0,0,1,0
real,0,468,764,3828,383,63.8,16,0,0,1,0
real,0,684,447,4940,299,49.8,17,0,0,0,0
real,0,551,261,2936,257,42.8,15,0,0,0,0
real,0,809,800,7525,149,74.5,18,0,0,0,0
real,0,311,229,1676,212,70.7,18,0,0,0,0
real,0,1111,1150,18075,262,52.4,31,0,1,0,1
real,0,504,511,2833,303,101.0,19,0,0,0,0
real,0,2537,1405,13987,166,33.2,17,1,0,0,0
real,0,4685,1343,67327,162,54.0,14,0,0,0,0
real,0,403,407,2341,39,39.0,19,0,0,0,0
real,0,2246,3541,27004,215,107.5,24,0,0,0,0
real,0,241,114,2363,133,133.0,27,0,0,0,0
real,0,9932,3165,79589,153,51.0,25,1,0,0,0
real,0,2773,1245,20789,143,47.7,15,0,0,1,0
real,0,2211,1016,22170,575,44.2,33,0,0,0,0
real,0,746,296,5192,734,66.7,29,0,0,0,0
real,0,856,884,7182,251,83.7,29,0,0,0,0
real,0,4248,1181,96394,493,41.1,29,0,0,0,0
real,0,1099,3705,11712,126,42.0,11,0,0,0,0
real,0,476,599,3360,150,50.0,26,0,0,0,0
real,0,870,338,8750,221,73.7,18,0,0,0,0
real,0,953,364,5436,194,48.5,29,0,0,0,0
real,0,614,2148,7548,205,51.3,16,0,0,0,0
real,0,1468,1628,27725,154,51.3,22,0,0,0,0
real,0,590,602,3572,188,47.0,26,0,0,0,0
real,0,4441,4078,93433,96,32.0,22,1,0,1,1
real,0,1684,1431,17351,314,62.8,53,0,0,0,0
real,0,462,323,6731,190,63.3,27,0,0,0,0
real,0,1619,699,15610,161,80.5,20,0,0,0,0
real,0,669,739,3111,196,39.2,25,0,0,0,0
real,0,392,287,4324,137,137.0,21,0,0,0,0
real,0,752,487,5501,301,60.2,21,0,0,0,0
real,0,1062,2194,13951,138,46.0,23,1,0,1,0
real,0,1698,1600,37235,153,38.3,22,0,0,0,0
real,0,684,377,8089,113,113.0,18,0,0,0,0
real,0,1511,3795,17586,190,63.3,23,0,0,0,0
real,0,13323,4129,220599,230,57.5,11,0,0,0,0
real,0,1164,483,15853,200,66.7,38,0,0,0,0
real,0,994,811,6627,197,98.5,33,0,0,0,0
real,0,707,715,7670,126,31.5,22,1,0,2,0
real,0,1363,3375,15848,150,75.0,24,0,0,0,0
real,0,500,774,2312,748,62.3,29,0,0,0,0
real,0,1838,3024,13881,140,28.0,7,0,0,1,0
real,0,364,483,3173,215,107.5,23,0,0,0,0
real,0,905,704,4611,180,60.0,22,0,0,0,0
real,0,3093,1034,22955,218,109.0,31,0,0,0,0
real,0,449,422,2606,86,43.0,17,0,0,0,0
real,0,686,357,7498,133,33.3,19,1,0,1,0
real,0,730,505,5069,548,60.9,41,0,0,0,0
real,0,40791,34608,984874,350,38.9,29,0,0,0,0
real,0,3712,683,44180,211,52.8,32,0,0,0,0
real,0,1652,942,34051,173,86.5,18,0,0,0,0
real,0,78,186,821,146,73.0,24,0,0,1,0
real,0,2547,698,46045,186,62.0,15,0,0,0,0
real,0,6488,1492,65927,901,90.1,30,0,0,0,0
real,0,306,277,1546,203,50.8,16,0,0,0,0
real,0,5006,1133,61785,1093,42.0,29,0,0,0,0
real,0,5209,1452,100395,78,78.0,18,0,0,0,0
real,0,1716,1255,10918,190,63.3,29,0,0,1,0
real,0,2198,2704,38625,154,51.3,7,0,0,0,0
real,0,762,994,7863,136,27.2,22,1,0,2,1
real,0,495,344,3757,153,76.5,14,0,0,0,0
real,0,1947,436,17704,241,120.5,31,0,0,0,0
real,0,4190,1193,46585,212,212.0,29,0,0,0,0
real,0,3723,826,83501,327,40.9,16,0,0,0,0
real,0,1793,786,18387,152,50.7,21,0,0,0,0
real,0,3422,4784,43345,157,78.5,26,0,0,0,1
real,0,542,1384,8108,208,69.3,19,0,0,0,0
real,0,1546,856,17121,139,69.5,18,0,0,0,0
real,0,1054,1146,10385,53,17.7,24,1,0,2,0
real,0,2314,1108,31014,192,96.0,17,0,0,0,0
real,0,1018,7480,6205,147,49.0,26,1,0,1,0
real,0,129,99,1420,117,117.0,20,0,0,0,0
real,0,1564,2140,12810,143,47.7,13,0,0,0,0
real,0,152,157,1013,105,52.5,19,0,0,1,0
real,0,16216,4647,323819,348,49.7,36,0,0,0,0
real,0,1483,2606,8352,101,101.0,21,0,0,0,0
real,0,448,421,2290,151,75.5,15,0,0,0,0
real,0,536,1050,4729,123,41.0,11,0,0,1,0
real,0,534,435,4226,126,63.0,15,0,0,0,0
real,0,25935,10187,606569,312,156.0,20,0,0,0,0
real,0,575,332,3809,167,55.7,20,0,0,0,0
real,0,351,289,1605,520,74.3,18,0,0,0,0
real,0,768,423,8814,138,69.0,15,0,0,0,0
real,0,532,213,3030,211,52.8,26,0,0,0,0
real,0,488,423,2480,158,158.0,35,0,0,0,0
real,0,819,1430,12803,168,56.0,16,0,0,0,0
real,0,544,427,3332,126,63.0,19,0,0,0,0
real,0,2117,269,7324,444,111.0,28,0,0,0,0
real,0,969,561,16730,190,95.0,12,0,0,0,0
real,0,1311,1467,22386,152,50.7,25,0,0,0,0
real,0,395,285,4756,269,67.3,32,0,0,0,0
real,0,602,383,2945,135,67.5,15,0,0,0,0
real,0,356,142,4030,106,26.5,18,1,0,1,0
real,0,8862,4833,161704,734,91.8,17,0,0,0,0
real,0,349,479,2152,154,51.3,34,1,0,0,0
real,0,557,598,10231,150,75.0,18,1,0,0,0
real,0,3172,8012,41638,152,50.7,12,0,0,2,0
real,0,1693,2149,19237,58,29.0,25,1,0,1,0
real,0,416,287,1968,241,120.5,31,0,0,0,0
real,0,958,618,29547,224,112.0,17,0,0,0,0
real,0,386,286,1765,128,64.0,28,0,0,0,0
real,0,723,533,3612,130,43.3,16,1,0,0,0
real,0,1632,654,37573,148,148.0,15,0,0,0,0
real,0,2222,788,22649,191,47.8,16,0,0,0,0
real,0,441,284,3845,261,52.2,33,0,0,0,0
real,0,1773,1109,18226,507,36.2,14,0,0,0,0
real,0,1385,1322,10022,485,69.3,28,0,0,0,0
real,0,2871,2570,41286,160,80.0,21,0,0,0,1
real,0,17192,7942,336144,125,125.0,17,0,0,0,0
real,0,3210,3007,54657,140,140.0,17,0,0,0,0
real,0,203,190,1575,126,126.0,23,0,0,0,0
real,0,11311,1516,122261,886,88.6,27,0,0,0,0
real,0,413,444,2919,229,45.8,12,0,0,0,0
real,0,500,434,2605,86,43.0,17,0,0,0,0
real,0,340,296,1977,246,61.5,36,0,0,0,0
real,0,2427,3552,23933,140,23.3,7,0,0,1,0
real,0,574,434,5188,221,110.5,38,0,0,0,0
real,0,4857,2392,69711,134,134.0,23,0,0,0,0
real,0,394,378,4076,204,51.0,31,0,0,0,0
real,0,4859,4293,164399,149,149.0,15,0,0,0,0
real,0,395,399,3676,177,88.5,40,0,0,0,0
real,0,660,348,7773,172,86.0,29,0,0,0,0
real,0,2940,1004,33356,1187,42.4,30,0,0,0,0
real,0,1083,2683,14421,207,51.8,26,1,0,0,0
real,0,672,851,5655,125,125.0,22,0,0,0,0
real,0,542,852,3576,181,90.5,30,0,0,0,0
real,0,860,698,4540,307,38.4,24,0,0,0,0
real,0,479,425,3829,155,155.0,19,0,0,0,0
real,0,467,476,2010,86,43.0,17,0,0,0,0
real,0,1436,2259,10923,274,68.5,23,0,0,0,0
real,0,212,355,1317,160,40.0,16,0,0,0,1
real,0,3912,385,28116,375,125.0,13,0,0,0,0
real,0,1055,714,11178,187,93.5,19,0,0,0,0
real,0,7738,1246,67773,365,121.7,28,0,0,0,0
real,0,1649,670,20296,145,72.5,17,0,0,0,0
real,0,582,313,3617,342,68.4,30,0,0,0,0
real,0,1138,473,9985,253,50.6,14,0,0,3,0
real,0,4573,791,43728,194,97.0,24,0,0,0,0
real,0,3432,1956,57698,198,49.5,43,0,0,1,0
real,0,1698,934,36415,450,64.3,36,0,0,0,0
real,0,823,818,7292,116,58.0,17,0,0,0,0
real,0,1227,1014,11868,126,42.0,26,1,0,0,0
real,0,2144,2695,33072,340,48.6,24,0,0,0,0
real,0,140,241,3087,146,36.5,24,0,0,0,2
real,0,369,401,2508,141,28.2,17,1,0,1,0
real,0,968,1748,8474,146,29.2,17,2,0,2,0
real,0,8074,8856,365156,596,59.6,47,0,0,0,2
real,0,546,597,4894,76,76.0,24,0,0,0,0
real,0,2048,2111,8126,1158,39.9,16,0,0,0,0
real,0,330,350,2520,161,53.7,14,0,0,0,0
real,0,846,669,2706,127,63.5,17,0,0,0,0
real,0,3883,494,25009,357,119.0,28,0,0,0,0
real,0,1324,761,6350,146,146.0,22,0,0,0,0
real,0,931,377,4539,203,101.5,19,0,0,0,0
real,0,643,180,5327,236,33.7,18,1,0,0,0
real,0,835,729,10893,127,42.3,21,1,0,0,0
real,0,998,2783,25510,88,44.0,20,0,0,0,2
real,0,494,447,4065,256,85.3,36,0,0,0,0
real,0,811,780,4218,98,98.0,14,0,0,0,0
real,0,1624,2166,9901,144,28.8,7,0,0,0,0
real,0,357,1344,1778,151,50.3,23,1,0,1,0
real,0,802,741,4654,170,42.5,20,1,0,1,0
real,0,2043,489,8356,926,102.9,28,0,0,0,0
real,0,144,163,949,276,138.0,20,0,0,0,1
real,0,3355,1472,34189,1321,94.4,33,0,0,0,0
real,0,348,164,2971,105,26.3,18,1,0,1,0
real,0,533,721,3720,159,53.0,31,0,0,0,0
real,0,2027,583,13566,141,70.5,23,0,0,0,1
real,0,603,540,2919,144,72.0,23,0,0,0,0
real,0,675,397,4023,178,44.5,22,0,0,0,0
real,0,451,329,2225,153,76.5,15,0,0,0,0
real,0,675,1051,10138,148,74.0,18,0,0,0,0
real,0,1410,1292,14576,496,45.1,34,0,1,0,3
real,0,1498,1091,11875,126,63.0,17,0,0,0,0
real,0,591,363,2701,74,74.0,19,0,0,0,0
real,0,796,573,5864,285,40.7,31,0,0,0,0
real,0,4119,2719,55956,205,51.3,20,0,0,0,0
real,0,458,248,2159,176,88.0,31,0,0,0,0
real,0,833,868,11459,140,46.7,36,0,0,2,0
real,0,1104,1032,6773,803,36.5,18,0,0,0,0
real,0,1582,1060,17835,160,53.3,30,1,0,0,0
real,0,249,491,2214,157,52.3,28,0,0,0,0
real,0,487,227,2743,584,73.0,24,0,0,0,0
real,0,467,452,1762,127,63.5,19,0,0,0,0
real,0,703,511,11665,159,39.8,26,0,0,0,0
real,0,1509,544,19837,281,93.7,15,0,0,0,0
real,0,556,1244,3019,157,39.3,13,0,0,0,0
real,0,3352,3426,29723,215,43.0,21,0,0,0,0
real,0,1309,1083,20015,144,36.0,17,0,0,0,0
real,0,755,341,3543,309,61.8,28,0,0,0,0
real,0,4442,524,31129,259,51.8,20,0,0,0,0
real,0,1738,622,17513,560,43.1,29,0,0,0,0
real,0,843,386,6793,146,73.0,32,0,0,0,0
real,0,33824,40746,1062429,228,38.0,26,0,0,1,2
real,0,1951,515,21512,184,92.0,15,0,0,0,0
real,0,1122,1126,11125,100,33.3,12,0,0,1,0
real,0,1697,4181,19627,67,22.3,21,1,0,1,0
real,0,600,721,3341,356,178.0,28,0,0,0,0
real,0,1768,2368,12218,145,48.3,7,0,0,1,0
real,0,4129,3145,31611,140,35.0,25,1,0,0,0
real,0,208,113,1664,239,79.7,23,0,0,0,0
real,0,27230,21125,1179103,91,91.0,26,0,0,0,0
real,0,210,288,8770,111,55.5,18,0,0,0,0
real,0,2770,3781,23330,144,28.8,14,1,0,2,0
real,0,14657,7176,232505,429,85.8,36,0,0,0,0
real,0,343,189,2275,153,76.5,26,0,0,0,0
real,0,2724,4781,30030,32,32.0,10,0,0,0,0
real,0,2897,8350,48888,145,36.3,24,1,0,0,0
real,0,193,204,1681,130,130.0,19,0,0,0,0
real,0,739,364,10054,242,60.5,35,0,0,0,0
real,0,1543,1380,24924,190,63.3,26,0,0,0,0
real,0,3433,572,23273,358,89.5,19,0,0,0,0
real,0,773,450,9154,141,35.3,21,1,0,0,0
real,0,1457,458,15402,478,31.9,14,0,0,1,0
real,0,3356,3620,32302,156,31.2,37,1,0,1,0
real,0,5690,2282,99650,362,51.7,31,0,0,0,0
real,0,18316,3337,244684,302,60.4,37,0,0,0,0
real,0,715,512,5790,155,77.5,22,0,0,0,0
real,0,1668,887,19342,169,42.3,23,0,0,0,0
real,0,196,251,2406,115,115.0,21,0,0,0,0
real,0,974,1774,10384,154,77.0,32,0,0,0,0
real,0,445,461,2569,189,47.3,14,0,0,0,0
real,0,604,443,7728,155,38.8,28,0,0,0,0
real,0,3776,2811,17931,157,39.3,16,0,0,1,0
real,0,673,337,5861,242,60.5,33,0,0,0,0
real,0,1505,834,32893,243,81.0,33,0,0,0,0
real,0,636,643,2699,120,60.0,20,0,0,0,0
real,0,695,242,9938,95,47.5,19,0,0,1,0
real,0,930,1611,3816,111,37.0,18,0,0,1,0
real,0,372,290,2542,190,63.3,24,0,0,0,0
real,0,7244,4895,133632,1001,35.8,21,0,0,0,3
real,0,1849,444,19661,450,64.3,33,0,0,0,0
real,0,619,1393,3692,145,48.3,26,1,1,1,0
real,0,4790,1282,132098,160,53.3,29,0,0,0,0
real,0,10205,21203,188692,109,15.6,17,1,0,3,3
real,0,2031,3104,26559,904,41.1,31,1,0,15,0
real,0,1896,566,12201,243,48.6,12,0,0,0,0
real,0,2735,4537,56475,108,54.0,25,0,0,1,0
real,0,800,433,4084,191,63.7,32,0,0,0,0
real,0,711,934,3500,198,198.0,33,0,0,0,0
real,0,1345,840,17550,94,31.3,20,0,0,1,2
real,0,1198,1152,16165,151,25.2,39,1,0,1,0
real,0,1993,2167,22322,138,138.0,22,1,0,0,0
real,0,1158,345,9249,192,96.0,18,0,0,0,0
real,0,2384,816,12292,1340,70.5,36,0,0,0,0
real,0,1882,691,31011,175,87.5,22,0,0,0,0
real,0,427,724,4159,133,33.3,15,0,0,1,0
real,0,5370,1808,103538,319,39.9,24,0,0,0,0
real,0,334,201,1612,136,68.0,15,0,0,0,0
real,0,2440,3344,42310,144,36.0,23,0,0,0,0
real,0,645,1939,3795,218,43.6,20,0,0,0,0
real,0,1016,712,14787,388,77.6,35,0,0,0,0
real,0,909,12460,13280,144,48.0,16,0,0,0,0
real,0,261,453,1565,352,70.4,19,0,0,0,0
real,0,243,493,5189,188,94.0,29,0,0,0,0
real,0,1148,364,5967,146,48.7,15,0,0,0,0
real,0,1502,1192,11025,120,40.0,8,0,0,1,0
real,0,778,239,4634,211,70.3,16,0,0,0,0
real,0,112,82,862,122,61.0,21,0,0,1,0
real,0,2929,1064,63919,251,62.8,27,0,0,0,0
real,0,1960,1099,22693,138,69.0,25,0,0,1,0
real,0,9957,4239,97397,162,40.5,17,0,0,0,1
real,0,2602,1932,12896,157,39.3,25,1,0,0,0
real,0,3689,1281,68288,164,82.0,31,0,0,0,0
real,0,2692,1252,34873,190,47.5,21,1,0,0,0
real,0,784,528,5990,109,109.0,24,0,0,0,0
real,0,568,3357,5395,117,23.4,22,1,0,0,4
real,0,3451,3573,25418,142,28.4,19,1,0,0,0
real,0,372,358,1508,183,91.5,15,0,0,0,0
real,0,414,240,4340,174,87.0,16,0,0,0,0
real,0,2247,3465,78567,321,40.1,31,0,0,0,1
real,0,636,1198,5284,148,49.3,23,1,0,1,0
real,0,874,402,7934,150,75.0,16,0,0,0,0
real,0,260,155,2651,207,103.5,35,0,0,0,0
real,0,1290,752,9410,297,74.3,17,0,0,0,0
real,0,351,341,2468,143,71.5,27,0,0,0,0
real,0,1891,3278,16161,163,27.2,16,0,0,2,1
real,0,249,241,1904,147,73.5,18,0,0,0,0
real,0,233,236,1525,142,71.0,20,1,0,0,0
real,0,677,231,4290,689,76.6,24,0,0,0,0
real,0,794,1824,7624,113,56.5,12,1,0,1,0
real,0,129,115,849,118,118.0,23,0,0,0,0
real,0,776,621,8311,142,35.5,24,1,0,0,0
real,0,444,326,2644,149,149.0,16,0,0,0,0
real,0,1047,1021,4874,123,61.5,24,0,0,0,0
real,0,1344,1955,15566,142,35.5,17,0,0,1,0
real,0,4277,1614,93635,198,99.0,15,0,0,0,0
real,0,3646,2239,50187,533,59.2,18,0,0,0,0
real,0,683,806,5382,152,50.7,23,0,1,0,1
real,0,2978,1303,33776,211,70.3,32,0,0,0,0
real,0,279,217,1892,146,48.7,22,0,0,0,0
real,0,1510,2010,16083,60,30.0,25,1,0,1,0
real,0,994,303,5574,1024,42.7,39,0,0,0,0
real,0,486,613,4595,165,33.0,15,0,0,0,0
real,0,12612,103082,86285,155,51.7,15,0,0,0,0
real,0,1257,1613,25996,145,72.5,19,0,0,0,0
real,0,773,474,7949,163,81.5,29,0,0,0,0
real,0,485,586,8802,182,60.7,15,0,0,0,0
real,0,3469,930,46093,425,35.4,26,0,0,0,0
real,0,683,380,6662,804,44.7,17,0,0,0,0
real,0,572,256,3987,293,73.3,35,0,0,0,0
real,0,1274,1370,10342,113,22.6,21,1,0,1,1
real,0,1051,875,9421,203,50.8,15,0,0,1,0
real,0,631,340,3710,183,61.0,19,0,0,0,0
real,0,557,754,5173,377,75.4,36,0,0,0,0
real,0,23666,6062,592869,166,83.0,18,0,0,0,0
real,0,1051,2675,13472,105,35.0,9,0,0,2,0
real,0,1304,2354,12829,147,24.5,20,1,0,3,0
real,0,1074,209,1526,118,59.0,19,0,0,1,0
real,0,1032,271,5860,285,35.6,25,0,0,0,0
real,0,947,739,7421,154,77.0,19,0,0,0,0
real,0,828,285,15301,101,50.5,20,0,0,1,0
real,0,697,3366,15956,144,48.0,18,1,0,1,0
real,0,1933,1031,31376,143,28.6,16,0,0,1,0
real,0,603,2151,6028,146,73.0,20,0,0,1,0
real,0,937,757,8646,195,48.8,20,0,0,0,0
real,0,532,355,8750,154,38.5,27,0,0,1,0
real,0,955,2516,7490,139,69.5,22,0,0,0,0
real,0,4660,1951,35251,595,49.6,30,1,0,0,0
real,0,236,188,2045,86,43.0,12,0,0,0,0
real,0,430,484,2098,124,62.0,15,0,0,0,0
real,0,897,1111,5098,155,38.8,22,0,0,2,0
real,0,800,289,7713,525,58.3,13,0,0,0,0
real,0,8109,4034,153152,118,39.3,16,0,0,0,1
real,0,83,82,636,119,119.0,25,0,0,0,0
real,0,5108,2100,109410,159,79.5,15,0,0,0,0
real,0,3372,927,52309,139,69.5,14,0,0,0,0
real,0,899,1868,7603,109,36.3,24,1,0,1,0
real,0,564,842,3561,225,75.0,33,0,0,0,0
real,0,2587,6139,44839,146,36.5,15,0,0,0,0
real,0,430,2570,4899,132,44.0,14,0,0,0,0
real,0,192,167,1329,179,89.5,12,0,0,0,0
real,0,426,298,2010,288,57.6,15,0,0,0,0
real,0,372,356,1616,122,61.0,14,0,0,0,0
real,0,1983,1535,14889,140,70.0,27,0,0,0,0
real,0,27368,9705,421987,173,57.7,15,0,0,0,0
real,0,435,1123,4402,146,73.0,29,0,0,0,0
real,0,918,277,8639,271,45.2,24,0,0,0,0
real,0,4803,2625,160635,263,52.6,36,0,0,0,0
real,0,934,2626,19754,62,62.0,9,0,0,0,0
real,0,4230,879,44969,435,48.3,38,0,0,0,0
real,0,1416,457,10159,166,55.3,34,0,0,0,0
real,0,479,427,2629,147,73.5,15,0,0,0,0
real,0,554,202,3617,150,75.0,33,0,0,0,0
real,0,3335,15890,53761,151,37.8,14,0,0,1,0
real,0,3026,3041,22288,87,87.0,14,0,0,0,0
real,0,1296,747,8281,103,34.3,12,0,0,1,0
real,0,744,576,5292,140,70.0,26,0,0,0,0
real,0,4298,2348,151191,153,51.0,17,0,0,0,0
real,0,2981,2109,48771,200,40.0,20,1,0,0,0
real,0,66,242,1154,101,50.5,19,0,0,1,0
real,0,437,328,2002,57,57.0,15,0,0,0,0
real,0,378,257,2571,239,79.7,29,0,0,0,0
real,0,2234,1117,33541,295,59.0,36,0,0,0,0
real,0,821,920,17693,228,76.0,47,0,0,0,0
real,0,7621,9608,123143,173,43.3,14,0,0,0,0
real,0,4125,1211,39155,180,90.0,24,0,0,0,0
real,0,633,241,3548,151,75.5,27,0,0,1,0
real,0,2243,56730,62791,138,46.0,16,0,0,0,0
real,0,1199,492,8919,140,70.0,21,0,0,0,0
real,0,640,481,3449,158,52.7,12,0,0,0,0
real,0,432,348,3222,160,80.0,23,1,0,0,0
real,0,1110,540,12116,365,73.0,32,0,0,0,0
real,0,184,101,1437,99,24.8,18,1,0,1,0
real,0,1344,1375,9552,145,29.0,7,0,0,1,0
real,0,611,264,8962,166,83.0,23,0,0,0,0
real,0,2450,1672,91688,106,53.0,11,0,0,0,0
real,0,1070,166,2278,145,48.3,20,0,0,1,1
real,0,697,451,5068,164,82.0,30,0,0,0,0
real,0,3726,1595,50050,151,151.0,13,0,0,0,0
real,0,1467,226,5167,134,33.5,18,0,0,1,2
real,0,11623,41360,430954,140,70.0,16,0,0,1,0
real,0,3381,17209,49931,78,39.0,8,0,0,1,0
real,0,2041,5731,18544,126,25.2,25,1,0,3,0
real,0,1560,559,24830,128,64.0,35,0,0,0,0
real,0,7566,3360,200634,217,54.3,14,0,0,0,0
real,0,1222,706,9489,173,173.0,15,0,0,0,0
real,0,1897,1872,45768,162,32.4,31,1,0,1,0
real,0,590,314,6957,113,113.0,16,0,0,0,0
real,0,1070,167,3971,136,45.3,20,0,0,0,2
real,0,3571,837,56798,185,46.3,27,1,0,1,0
real,0,360,593,5427,252,42.0,16,0,0,0,0
real,0,791,570,10860,167,83.5,17,0,0,0,0
real,0,379,652,3130,208,52.0,26,0,0,0,1
real,0,829,601,9153,220,55.0,23,0,0,0,0
real,0,342,433,1210,338,67.6,26,0,0,0,0
real,0,300,786,1910,99,19.8,15,1,0,1,1
real,0,215,380,1194,399,36.3,12,0,0,0,0
real,0,3244,1321,36321,298,49.7,14,0,0,1,0
real,0,1037,383,9813,228,57.0,37,0,0,0,0
real,0,1236,376,1647,143,71.5,21,0,0,1,0
real,0,257,211,1070,575,63.9,12,0,0,0,0
real,0,572,495,4160,304,101.3,21,0,0,0,0
real,0,9801,3478,105598,203,67.7,18,0,0,0,0
real,0,334,207,1971,228,57.0,16,0,0,0,0
real,0,1509,1616,10022,150,25.0,7,0,0,2,0
real,0,410,257,1853,174,58.0,12,0,0,0,0
real,0,591,388,3463,141,70.5,29,0,0,0,0
real,0,3535,623,68946,270,67.5,35,0,0,0,0
real,0,718,691,5065,159,39.8,20,1,0,1,0
real,0,1322,571,11141,376,62.7,35,0,0,0,0
real,0,1441,2152,29702,149,49.7,28,1,0,1,0
real,0,915,2183,8519,144,28.8,11,0,0,1,0
real,0,345,352,2242,159,159.0,18,0,0,0,0
real,0,7704,972,138908,234,78.0,45,0,0,0,0
real,0,690,1366,4199,144,72.0,11,0,0,1,0
real,0,725,550,3338,83,83.0,18,0,0,0,0
real,0,2354,3880,14538,257,85.7,18,0,0,0,0
real,0,1122,1225,20271,132,26.4,23,1,0,1,0
real,0,1244,1735,8730,136,27.2,23,1,1,0,0
real,0,2244,1107,33577,454,90.8,39,0,0,0,0
real,0,421,318,2611,173,34.6,22,0,0,0,0
real,0,913,1101,6786,141,70.5,13,0,0,0,0
real,0,1745,725,23524,215,43.0,11,0,0,0,0
real,0,1023,552,17358,165,82.5,29,0,0,0,0
real,0,371,254,1924,247,123.5,32,0,0,0,0
real,0,8087,1579,76236,145,48.3,19,0,0,0,0
real,0,199,251,1376,261,65.3,26,0,0,0,0
real,0,432,193,1631,576,64.0,18,0,0,0,0
real,0,533,338,3001,149,74.5,16,0,0,0,0
real,0,4048,5746,47051,103,51.5,23,1,0,1,0
real,0,1438,1088,21619,150,50.0,12,0,0,0,0
real,0,1265,605,9219,208,104.0,20,0,0,0,0
real,0,689,660,11456,125,41.7,16,0,0,1,0
real,0,565,621,6876,142,47.3,11,0,0,0,0
real,0,6557,3049,108346,176,58.7,32,0,0,0,0
real,0,1660,4842,14006,60,20.0,13,1,0,2,0
real,0,952,330,6634,131,131.0,13,0,0,0,0
real,0,345,309,2032,172,86.0,15,0,0,0,0
real,0,9411,4455,139180,128,64.0,18,0,0,0,0
real,0,1319,2591,8183,161,161.0,20,0,0,0,0
real,0,639,2566,7226,275,34.4,9,0,0,0,0
real,0,1967,1146,17359,200,66.7,35,0,0,0,0
real,0,1115,1423,7876,153,38.3,7,0,0,1,0
real,0,1214,3645,9925,118,39.3,12,0,0,2,0
real,0,558,818,5268,199,49.8,23,0,0,0,0
real,0,1708,703,22364,155,51.7,21,0,0,0,0
real,0,3413,11486,48368,110,36.7,13,0,0,0,0
real,0,3534,1474,104039,690,76.7,20,0,0,0,0
real,0,2802,3101,39304,126,63.0,11,0,0,1,0
real,0,516,466,3143,247,61.8,21,0,0,0,0
real,0,389,319,2579,260,52.0,22,0,0,0,1
real,0,310,194,2337,114,28.5,12,0,0,0,0
real,0,382,360,4036,141,28.2,19,0,0,2,2
real,0,525,1509,3157,140,17.5,20,1,0,1,5
real,0,2166,2375,49677,202,101.0,22,0,0,0,0
real,0,1126,1508,29546,129,64.5,20,0,0,0,0
real,0,1491,737,39126,87,87.0,17,0,0,0,0
real,0,401,211,1746,323,53.8,32,0,0,0,0
real,0,1208,1146,9558,144,72.0,26,0,0,0,0
real,0,731,477,7334,215,71.7,32,0,0,0,0
real,0,939,582,15282,203,67.7,16,0,0,0,0
real,0,250,248,1287,117,117.0,17,0,0,0,0
real,0,4258,923,36436,164,41.0,20,0,0,0,0
real,0,512,392,4229,423,70.5,33,0,0,0,0
real,0,2462,8937,37238,121,30.3,11,0,0,2,0
real,0,343,358,1862,342,68.4,10,0,0,0,0
real,0,598,346,4954,142,35.5,21,0,0,1,0
real,0,908,459,10092,195,97.5,16,0,0,0,0
real,0,1196,2107,11573,90,90.0,14,0,0,0,0
real,0,266,135,1659,105,26.3,18,1,0,1,0
real,0,1723,879,18047,324,64.8,17,0,0,0,0
real,0,220,145,1351,122,61.0,24,0,0,0,0
real,0,1758,2200,20074,141,35.3,7,0,0,1,0
real,0,947,306,9775,333,111.0,25,0,0,0,0
real,0,3661,2244,45752,138,69.0,16,0,0,0,0
real,0,3572,621,28132,309,38.6,31,0,0,1,0
real,0,550,408,4994,123,61.5,14,0,0,0,0
real,0,424,910,3752,117,39.0,16,0,0,0,0
real,0,483,668,6072,150,37.5,15,0,0,0,0
real,0,245,192,1964,254,63.5,23,0,0,0,0
real,0,496,451,2517,583,41.6,29,0,0,0,0
real,0,832,967,6927,132,44.0,12,0,0,0,0
real,0,293,283,1309,757,63.1,33,0,0,0,0
real,0,776,262,5909,259,43.2,14,0,0,0,0
real,0,2836,1572,28698,201,67.0,26,0,0,0,0
real,0,1213,958,35771,153,51.0,20,0,0,0,0
real,0,1597,941,8675,315,63.0,10,0,0,0,0
real,0,1192,712,5196,63,31.5,14,1,0,0,0
real,0,1219,479,11581,178,178.0,22,0,0,0,0
real,0,9564,28524,127629,119,39.7,10,1,0,1,0
real,0,251,365,1087,162,32.4,22,0,0,0,0
real,0,993,1581,9660,129,25.8,14,0,0,2,0
real,0,707,586,9283,155,51.7,25,0,0,0,0
real,0,2167,1015,17088,670,67.0,38,0,0,0,0
real,0,2221,1239,10567,120,40.0,19,1,0,1,0
real,0,608,1057,3541,116,38.7,16,1,0,1,0
real,0,928,1421,10858,139,34.8,15,0,0,1,0
real,0,1495,1905,5984,144,72.0,23,1,0,1,0
real,0,852,381,5002,148,74.0,16,0,0,0,0
real,0,3753,495,26002,124,62.0,20,0,0,1,0
real,0,2672,1496,15917,224,56.0,19,0,0,0,0
real,0,689,371,3267,505,72.1,23,0,0,0,0
real,0,512,154,5211,279,69.8,16,0,0,0,0
real,0,2923,3161,24405,145,24.2,7,0,0,1,1
real,0,963,591,4378,187,46.8,25,1,0,0,0
real,0,29434,5585,148029,352,32.0,19,0,0,1,0
real,0,646,166,6198,294,73.5,31,0,0,0,0
real,0,449,336,5988,135,33.8,20,1,0,0,0
real,0,549,545,2404,127,63.5,19,0,0,0,0
real,0,456,428,3681,147,36.8,23,1,0,0,0
real,0,262,281,1212,122,122.0,19,0,0,0,0
real,0,809,311,4373,168,56.0,31,0,0,2,0
real,0,806,524,5370,149,74.5,20,0,0,0,1
real,0,711,1205,6397,146,73.0,24,0,0,2,0
real,0,388,497,2120,139,69.5,13,1,0,0,0
real,0,655,624,6043,200,50.0,34,0,0,0,0
real,0,2691,1987,20634,145,36.3,7,0,0,0,1
real,0,796,665,7770,187,93.5,30,0,0,0,0
real,0,473,818,3247,149,29.8,26,1,0,0,0
real,0,633,451,4492,143,143.0,22,0,0,0,0
real,0,1484,683,12942,211,70.3,24,0,0,0,0
real,0,18019,6011,175634,186,37.2,20,1,0,1,0
real,0,3180,1187,72308,297,49.5,38,0,0,0,0
real,0,934,807,8750,169,56.3,18,0,0,0,0
real,0,674,440,5776,183,91.5,38,1,0,0,0
real,0,1473,288,5172,272,45.3,20,0,0,0,0
real,0,306,546,1268,228,57.0,13,0,0,0,0
real,0,444,320,2177,160,160.0,34,0,0,0,0
real,0,714,804,3620,92,92.0,9,0,0,1,0
real,0,672,1260,3582,176,44.0,20,0,0,0,1
real,0,2091,263,21436,101,50.5,18,0,0,1,0
real,0,6067,8209,311841,168,56.0,29,0,0,1,0
real,0,2009,1784,41240,168,84.0,18,0,0,0,0
real,0,659,539,5327,149,74.5,16,0,0,0,0
real,0,1841,2186,16558,141,28.2,16,0,0,3,0